"보고 시작","보고 종료","광고 이름","Instagram 팔로우",노출,클릭(전체),CTR(전체),시작,종료,"계정 이름","계정 ID","광고 세트 이름","광고 세트 ID","광고 ID","캠페인 이름","캠페인 ID"
2025-12-29,2026-06-28,"S1-1 유럽여행 소매치기, 갤럭시는 안전하다고?",0,7482,248,3.314622,2026-01-06,2026-01-12,따르릉통신,1405475181306250,"S1-1 유럽여행 소매치기, 갤럭시는 안전하다고?",120239321296740136,120239321296730136,"[디파트] 260105 - S1",120239321296750136
2025-12-29,2026-06-28,"S1-2 요즘 20대는 이 AI앱을 쓴다",6,3058,134,4.381949,2026-01-06,2026-01-12,따르릉통신,1405475181306250,"S1-2 요즘 20대는 이 AI앱을 쓴다",120239321561520136,120239321561530136,"[디파트] 260105 - S1",120239321296750136
2025-12-29,2026-06-28,"S1-3 2026년 갓생 루틴, 이 앱이면 돼요",1,2706,106,3.917221,2026-01-06,2026-01-12,따르릉통신,1405475181306250,"S1-3 2026년 갓생 루틴, 이 앱이면 돼요",120239321584590136,120239321584600136,"[디파트] 260105 - S1",120239321296750136
2025-12-29,2026-06-28,"S1-4 휴대폰 유지비용이 너무 많이 나온다면?",0,3133,73,2.330035,2026-01-06,2026-01-12,따르릉통신,1405475181306250,"S1-4 휴대폰 유지비용이 너무 많이 나온다면?",120239321588860136,120239321588870136,"[디파트] 260105 - S1",120239321296750136
2025-12-29,2026-06-28,"S1-5 휴대폰 바꾸기 전, 가장 먼저 해야 하는 건?",12,3348,116,3.464755,2026-01-06,2026-01-12,따르릉통신,1405475181306250,"S1-5 휴대폰 바꾸기 전, 가장 먼저 해야 하는 건?",120239321597950136,120239321597940136,"[디파트] 260105 - S1",120239321296750136
2025-12-29,2026-06-28,"S1-6 휴대폰, 왜 굳이 판매점에서 사냐고요?",4,2204,121,5.490018,2026-01-06,2026-01-12,따르릉통신,1405475181306250,"S1-6 휴대폰, 왜 굳이 판매점에서 사냐고요?",120239321608680136,120239321608690136,"[디파트] 260105 - S1",120239321296750136
2025-12-29,2026-06-28,"S1-7 K-출근시간 세계 1위, 아침마다 새는 데이터?",1,5447,132,2.423352,2026-01-06,2026-01-12,따르릉통신,1405475181306250,"S1-7 K-출근시간 세계 1위, 아침마다 새는 데이터?",120239321630250136,120239321630260136,"[디파트] 260105 - S1",120239321296750136
2025-12-29,2026-06-28,"S2-1 폰 느려졌을 때, 이것부터 확인해 보세요",8,3222,132,4.096834,2026-01-12,2026-01-19,따르릉통신,1405475181306250,"S2-1 폰 느려졌을 때, 이것부터 확인해 보세요",120239663602810136,120239663602720136,"[디파트] 260112 - S2",120239663602700136
2025-12-29,2026-06-28,"S2-7 보이스피싱, 이것만 설정해도 안심",5,3503,120,3.425635,2026-01-12,2026-01-19,따르릉통신,1405475181306250,"S2-7 보이스피싱, 이것만 설정해도 안심",120239663602790136,120239663602730136,"[디파트] 260112 - S2",120239663602700136
2025-12-29,2026-06-28,"S2-6 곧 출시 예정 갤럭시 S26, 어떻게 바뀔까?",4,5161,260,5.037783,2026-01-12,2026-01-19,따르릉통신,1405475181306250,"S2-6 곧 출시 예정 갤럭시 S26, 어떻게 바뀔까?",120239663602780136,120239663602740136,"[디파트] 260112 - S2",120239663602700136
2025-12-29,2026-06-28,"S2-3 휴대폰 사진 화질 높이는 TIP",5,5651,314,5.556539,2026-01-12,2026-01-19,따르릉통신,1405475181306250,"S2-3 휴대폰 사진 화질 높이는 TIP",120239663602820136,120239663602750136,"[디파트] 260112 - S2",120239663602700136
2025-12-29,2026-06-28,"S2-4 왜 내 데이터는 항상 부족할까?",1,2099,83,3.954264,2026-01-12,2026-01-19,따르릉통신,1405475181306250,"S2-4 왜 내 데이터는 항상 부족할까?",120239663602830136,120239663602760136,"[디파트] 260112 - S2",120239663602700136
2025-12-29,2026-06-28,"S2-2 앱 정리 못하는 사람의 심리",5,2882,128,4.44136,2026-01-12,2026-01-19,따르릉통신,1405475181306250,"S2-2 앱 정리 못하는 사람의 심리",120239663602710136,120239663602770136,"[디파트] 260112 - S2",120239663602700136
2025-12-29,2026-06-28,"S2-5 스마트폰, 몇 년 쓰고 바꾸는 게 좋을까?",9,6415,261,4.068589,2026-01-12,2026-01-19,따르릉통신,1405475181306250,"S2-5 스마트폰, 몇 년 쓰고 바꾸는 게 좋을까?",120239663602840136,120239663602800136,"[디파트] 260112 - S2",120239663602700136
2025-12-29,2026-06-28,"S3-1 아이폰 웃는 이모티콘 생성법",5,6720,203,3.020833,2026-01-19,2026-01-26,따르릉통신,1405475181306250,"S3-1 아이폰 웃는 이모티콘 생성법",120239919226750136,120239919226710136,"[디파트] 260119 - S3",120239919226610136
2025-12-29,2026-06-28,"S3-2 아이폰, 심장박동으로 잠금 해제?",0,7620,243,3.188976,2026-01-19,2026-01-26,따르릉통신,1405475181306250,"S3-2 아이폰, 심장박동으로 잠금 해제?",120239919260670136,120239919260680136,"[디파트] 260119 - S3",120239919226610136
2025-12-29,2026-06-28,"S3-3 갤럭시 ↔ 아이폰 사진 공유 가능해졌다",0,11504,656,5.702364,2026-01-19,2026-01-26,따르릉통신,1405475181306250,"S3-3 갤럭시 ↔ 아이폰 사진 공유 가능해졌다",120239919275720136,120239919275730136,"[디파트] 260119 - S3",120239919226610136
2025-12-29,2026-06-28,"S3-4 데이터 무제한 쓰는데 왜 느릴까?",2,3844,173,4.50052,2026-01-19,2026-01-26,따르릉통신,1405475181306250,"S3-4 데이터 무제한 쓰는데 왜 느릴까?",120239919281850136,120239919281840136,"[디파트] 260119 - S3",120239919226610136
2025-12-29,2026-06-28,"S3-5 스마트폰, 자기 전에 보면 최악?",3,5453,195,3.576013,2026-01-19,2026-01-26,따르릉통신,1405475181306250,"S3-5 스마트폰, 자기 전에 보면 최악?",120239919412320136,120239919412330136,"[디파트] 260119 - S3",120239919226610136
2025-12-29,2026-06-28,"S3-6 휴대폰 교체할 때, 기종별 사전이동 방법",3,6282,284,4.520853,2026-01-19,2026-01-26,따르릉통신,1405475181306250,"S3-6 휴대폰 교체할 때, 기종별 사전이동 방법",120239919463620136,120239919463610136,"[디파트] 260119 - S3",120239919226610136
2025-12-29,2026-06-28,"S3-7 우리가 새 폰을 사는 이유",1,3557,112,3.148721,2026-01-19,2026-01-26,따르릉통신,1405475181306250,"S3-7 우리가 새 폰을 사는 이유",120239919501470136,120239919501480136,"[디파트] 260119 - S3",120239919226610136
2025-12-29,2026-06-28,"S4-4 신입생이 꼭 챙겨야 할 폰꾸 아이템 추천",1,2960,93,3.141892,2026-01-26,2026-02-02,따르릉통신,1405475181306250,"S4-4 신입생이 꼭 챙겨야 할 폰꾸 아이템 추천",120240212559450136,120240212559340136,"[디파트] 260126 - S4",120240212559330136
2025-12-29,2026-06-28,"S4-2 “정리형 J vs 즉흥형 P” 당신의 스마트폰 궁합은?",2,7167,203,2.832426,2026-01-26,2026-02-02,따르릉통신,1405475181306250,"S4-2 “정리형 J vs 즉흥형 P” 당신의 스마트폰 궁합은?",120240212559430136,120240212559360136,"[디파트] 260126 - S4",120240212559330136
2025-12-29,2026-06-28,"S4-1 무제한 데이터 요금제의 진짜 조건 ‘속도제어(QoS)’",0,11587,481,4.151204,2026-01-26,2026-02-02,따르릉통신,1405475181306250,"S4-1 무제한 데이터 요금제의 진짜 조건 ‘속도제어(QoS)’",120240212559420136,120240212559370136,"[디파트] 260126 - S4",120240212559330136
2025-12-29,2026-06-28,"S4-3 휴대폰으로 하는 개운법",2,6717,318,4.734256,2026-01-26,2026-02-02,따르릉통신,1405475181306250,"S4-3 휴대폰으로 하는 개운법",120240212559440136,120240212559380136,"[디파트] 260126 - S4",120240212559330136
2025-12-29,2026-06-28,"S4-7 우리의 시작은 이미 손에 쥐어져 있다",2,3401,73,2.146428,2026-01-26,2026-02-02,따르릉통신,1405475181306250,"S4-7 우리의 시작은 이미 손에 쥐어져 있다",120240212559460136,120240212559390136,"[디파트] 260126 - S4",120240212559330136
2025-12-29,2026-06-28,"S4-5 휴대폰 발열은 고장 신호?",0,10056,336,3.341289,2026-01-26,2026-02-02,따르릉통신,1405475181306250,"S4-5 휴대폰 발열은 고장 신호?",120240212559350136,120240212559410136,"[디파트] 260126 - S4",120240212559330136
2025-12-29,2026-06-28,"S4-6 나도 혹시 스마트폰 중독자? feat. 폰 의존 테스트",1,6071,163,2.684895,2026-01-26,2026-02-02,따르릉통신,1405475181306250,"S4-6 나도 혹시 스마트폰 중독자? feat. 폰 의존 테스트",120240212600110136,120240212600100136,"[디파트] 260126 - S4",120240212559330136
2025-12-29,2026-06-28,"S5-1 아이폰 Siri와 구글 Gemini의 만남",2,8306,312,3.756321,2026-02-02,2026-02-09,따르릉통신,1405475181306250,"S5-1 아이폰 Siri와 구글 Gemini의 만남",120240488520530136,120240488520590136,"[디파트] 260202 - S5",120240488520580136
2025-12-29,2026-06-28,"S5-2 넷플 ‘기묘한 이야기’ 갤럭시 한정 테마 공개",2,11815,495,4.18959,2026-02-02,2026-02-09,따르릉통신,1405475181306250,"S5-2 넷플 ‘기묘한 이야기’ 갤럭시 한정 테마 공개",120240488551030136,120240488551020136,"[디파트] 260202 - S5",120240488520580136
2025-12-29,2026-06-28,"S5-3 2026년 휴대폰 신조어 예측",3,4685,104,2.219851,2026-02-02,2026-02-09,따르릉통신,1405475181306250,"S5-3 2026년 휴대폰 신조어 예측",120240488555820136,120240488555830136,"[디파트] 260202 - S5",120240488520580136
2025-12-29,2026-06-28,"S5-4 카톡 대화, 백업 안 되는 이유는?",6,8132,317,3.89818,2026-02-02,2026-02-09,따르릉통신,1405475181306250,"S5-4 카톡 대화, 백업 안 되는 이유는?",120240488568590136,120240488568580136,"[디파트] 260202 - S5",120240488520580136
2025-12-29,2026-06-28,"S5-5 아이폰 화면 속 수상한 점?! 이걸로 해킹 판단 가능?",1,17479,2145,12.271869,2026-02-02,2026-02-09,따르릉통신,1405475181306250,"S5-5 아이폰 화면 속 수상한 점?! 이걸로 해킹 판단 가능?",120240488577920136,120240488577930136,"[디파트] 260202 - S5",120240488520580136
2025-12-29,2026-06-28,"S5-6 매장지원금 왜 주는 거예요?",4,3299,118,3.576841,2026-02-02,2026-02-09,따르릉통신,1405475181306250,"S5-6 매장지원금 왜 주는 거예요?",120240488589990136,120240488589980136,"[디파트] 260202 - S5",120240488520580136
2025-12-29,2026-06-28,"S5-7 고장은 아닌데 뒤처지는 느낌",1,2927,105,3.587291,2026-02-02,2026-02-09,따르릉통신,1405475181306250,"S5-7 고장은 아닌데 뒤처지는 느낌",120240488600370136,120240488600360136,"[디파트] 260202 - S5",120240488520580136
2025-12-29,2026-06-28,"S6-5 데이터로밍 vs 유심 vs e-SIM 해외 데이터, 뭘 골라야 할까?",2,4676,134,2.865697,2026-02-09,2026-02-16,따르릉통신,1405475181306250,"S6-5 데이터로밍 vs 유심 vs e-SIM 해외 데이터, 뭘 골라야 할까?",120240761908300136,120240761908220136,"[디파트] 260209 - S6",120240761908170136
2025-12-29,2026-06-28,"S6-3 카카오톡 메시지 백업 하는 방법",0,2965,51,1.720067,2026-02-09,2026-02-16,따르릉통신,1405475181306250,"S6-3 카카오톡 메시지 백업 하는 방법",120240761919510136,120240761919500136,"[디파트] 260209 - S6",120240761908170136
2025-12-29,2026-06-28,"S6-1 디지털 중독 같다면? '흑백 모드' 디톡스",1,10880,336,3.088235,2026-02-09,2026-02-16,따르릉통신,1405475181306250,"S6-1 디지털 중독 같다면? '흑백 모드' 디톡스 - 사본",120240761947300136,120240761947290136,"[디파트] 260209 - S6",120240761908170136
2025-12-29,2026-06-28,"S6-7 매일 출퇴근 찍으시던 어르신, 알고보니",0,7719,404,5.233839,2026-02-09,2026-02-16,따르릉통신,1405475181306250,"S6-7 매일 출퇴근 찍으시던 어르신, 알고보니",120240761948370136,120240761948360136,"[디파트] 260209 - S6",120240761908170136
2025-12-29,2026-06-28,"S6-2 아이폰도 폴더형으로? 아이폰 폴드 루머 정리",1,12194,738,6.052157,2026-02-09,2026-02-16,따르릉통신,1405475181306250,"S6-2 아이폰도 폴더형으로? 아이폰 폴드 루머 정리",120240761948980136,120240761948970136,"[디파트] 260209 - S6",120240761908170136
2025-12-29,2026-06-28,"S6-6 휴대폰 배터리 100% 충전 수명이 줄어든다고?",1,10078,548,5.437587,2026-02-09,2026-02-16,따르릉통신,1405475181306250,"S6-6 휴대폰 배터리 100% 충전 수명이 줄어든다고?",120240761949120136,120240761949130136,"[디파트] 260209 - S6",120240761908170136
2025-12-29,2026-06-28,"S6-8 하루동안 가장 오래 쥐고 있는 건 바로",1,4109,98,2.385009,2026-02-09,2026-02-16,따르릉통신,1405475181306250,"S6-8 하루동안 가장 오래 쥐고 있는 건 바로",120240761949180136,120240761949190136,"[디파트] 260209 - S6",120240761908170136
2025-12-29,2026-06-28,"S6-4 연초에 한 번만 해두면 1년 편해지는 스마트폰 설정",4,4052,123,3.035538,2026-02-09,2026-02-16,따르릉통신,1405475181306250,"S6-4 연초에 한 번만 해두면 1년 편해지는 스마트폰 설정",120240761949430136,120240761949420136,"[디파트] 260209 - S6",120240761908170136
2025-12-29,2026-06-28,"S7-2 갤럭시 S26 울트라, 사생활 보호 필름 필요 없다",0,6875,147,2.138182,2026-02-23,2026-03-02,따르릉통신,1405475181306250,"S7-2 갤럭시 S26 울트라, 사생활 보호 필름 필요 없다",120241389839520136,120241389839410136,"[디파트] 260223 - S7(설날)",120241389839470136
2025-12-29,2026-06-28,"S7-5 폰이 느려졌다면? 1분 만에 끝내는 '램(RAM) 정리'",6,3832,226,5.897704,2026-02-23,2026-03-02,따르릉통신,1405475181306250,"S7-5 폰이 느려졌다면? 1분 만에 끝내는 '램(RAM) 정리'",120241389839360136,120241389839440136,"[디파트] 260223 - S7(설날)",120241389839470136
2025-12-29,2026-06-28,"S7-6 구형 아이폰, 업데이트로 수명이 늘어났다",1,12682,1104,8.705252,2026-02-23,2026-03-02,따르릉통신,1405475181306250,"S7-6 구형 아이폰, 업데이트로 수명이 늘어났다",120241389839370136,120241389839450136,"[디파트] 260223 - S7(설날)",120241389839470136
2025-12-29,2026-06-28,"S7-4 휴대폰 구매 기준 정리 판매점 vs 대리점 차이는?",4,4933,181,3.669167,2026-02-23,2026-03-02,따르릉통신,1405475181306250,"S7-4 휴대폰 구매 기준 정리 판매점 vs 대리점 차이는?",120241389839430136,120241389839460136,"[디파트] 260223 - S7(설날)",120241389839470136
2025-12-29,2026-06-28,"S7-8 “아 뭐하려고 했지?” 자꾸 깜박이는 이유",3,4279,122,2.851133,2026-02-23,2026-03-02,따르릉통신,1405475181306250,"S7-8 “아 뭐하려고 했지?” 자꾸 깜박이는 이유",120241389839390136,120241389839480136,"[디파트] 260223 - S7(설날)",120241389839470136
2025-12-29,2026-06-28,"S7-7 약정 끝났는데도 요금 10만 원?",0,6056,227,3.748349,2026-02-23,2026-03-02,따르릉통신,1405475181306250,"S7-7 약정 끝났는데도 요금 10만 원?",120241389839380136,120241389839490136,"[디파트] 260223 - S7(설날)",120241389839470136
2025-12-29,2026-06-28,"S7-3 우리 아이, 언제부터 폰이 필요할까?",2,6063,132,2.17714,2026-02-23,2026-03-02,따르릉통신,1405475181306250,"S7-3 우리 아이, 언제부터 폰이 필요할까?",120241389839420136,120241389839500136,"[디파트] 260223 - S7(설날)",120241389839470136
2025-12-29,2026-06-28,"S7-1 Z세대가 요즘 쓰는 배경화면 위젯",1,7914,493,6.229467,2026-02-23,2026-03-02,따르릉통신,1405475181306250,"S7-1 Z세대가 요즘 쓰는 배경화면 위젯",120241389839400136,120241389839510136,"[디파트] 260223 - S7(설날)",120241389839470136
2025-12-29,2026-06-28,"S7-9 아이폰 속 쓰레기 자동으로 정리하는 법",7,4700,148,3.148936,2026-02-23,2026-03-02,따르릉통신,1405475181306250,"S7-9 아이폰 속 쓰레기 자동으로 정리하는 법",120241389885900136,120241389885910136,"[디파트] 260223 - S7(설날)",120241389839470136
2025-12-29,2026-06-28,"S8-6 애플 단축어 어렵다고? 이렇게만 하면 세상 편리",7,8293,360,4.34101,2026-02-23,2026-03-02,따르릉통신,1405475181306250,"S8-6 애플 단축어 어렵다고? 이렇게만 하면 세상 편리",120241389898360136,120241389898270136,"[디파트] 260223 - S8(설날)",120241389898260136
2025-12-29,2026-06-28,"S8-1 직장인 업무 효율 UP 일잘러 앱 추천",1,3581,159,4.440101,2026-02-23,2026-03-02,따르릉통신,1405475181306250,"S8-1 직장인 업무 효율 UP 일잘러 앱 추천",120241389898400136,120241389898290136,"[디파트] 260223 - S8(설날)",120241389898260136
2025-12-29,2026-06-28,"S8-3 우리 아이에게 필요한 건 키즈폰 vs 키즈워치",2,3795,222,5.849802,2026-02-23,2026-03-02,따르릉통신,1405475181306250,"S8-3 우리 아이에게 필요한 건 키즈폰 vs 키즈워치",120241389898420136,120241389898300136,"[디파트] 260223 - S8(설날)",120241389898260136
2025-12-29,2026-06-28,"S8-7 갤럭시 S25 손해 안 보고 사는 법",7,3174,194,6.112161,2026-02-23,2026-03-02,따르릉통신,1405475181306250,"S8-7 갤럭시 S25 손해 안 보고 사는 법",120241389898380136,120241389898310136,"[디파트] 260223 - S8(설날)",120241389898260136
2025-12-29,2026-06-28,"S8-4 아이폰, 아무 USB-C 케이블로 충전해도 될까?",0,9492,368,3.876949,2026-02-23,2026-03-02,따르릉통신,1405475181306250,"S8-4 아이폰, 아무 USB-C 케이블로 충전해도 될까?",120241389898430136,120241389898320136,"[디파트] 260223 - S8(설날)",120241389898260136
2025-12-29,2026-06-28,"S8-2 멋지게 나이 들기 롱제비티처럼 휴대폰 쓰는 법",1,3297,96,2.911738,2026-02-23,2026-03-02,따르릉통신,1405475181306250,"S8-2 멋지게 나이 들기 롱제비티처럼 휴대폰 쓰는 법",120241389898410136,120241389898340136,"[디파트] 260223 - S8(설날)",120241389898260136
2025-12-29,2026-06-28,"S8-8 스마트폰 앞에서 나이를 느끼다",0,5218,233,4.465312,2026-02-23,2026-03-02,따르릉통신,1405475181306250,"S8-8 스마트폰 앞에서 나이를 느끼다",120241389898280136,120241389898350136,"[디파트] 260223 - S8(설날)",120241389898260136
2025-12-29,2026-06-28,"S8-5 가장 기억에 남는 고객 #3 진천점 가족 전체가 매장 고객이 된 이유",0,5535,91,1.644083,2026-02-23,2026-03-02,따르릉통신,1405475181306250,"S8-5 가장 기억에 남는 고객 #3 진천점 가족 전체가 매장 고객이 된 이유",120241389898440136,120241389898370136,"[디파트] 260223 - S8(설날)",120241389898260136
2025-12-29,2026-06-28,"S+-1 실명까지 갈 수도 있는 스마트폰 습관?",1,9714,302,3.108915,2026-02-23,2026-03-02,따르릉통신,1405475181306250,"S+-1 실명까지 갈 수도 있는 스마트폰 습관?",120241389985300136,120241389985150136,"[디파트] 260223 - S+(설날)",120241389985250136
2025-12-29,2026-06-28,"S+-8 사진 보정 못하는 친구 에어드롭으로 알려주기",0,4906,101,2.058704,2026-02-23,2026-03-02,따르릉통신,1405475181306250,"S+-8 사진 보정 못하는 친구 에어드롭으로 알려주기",120241389985290136,120241389985160136,"[디파트] 260223 - S+(설날)",120241389985250136
2025-12-29,2026-06-28,"S+-2 휴대폰 물에 빠트렸을 때 곧바로 해야 하는 것",2,8369,339,4.050663,2026-02-23,2026-03-02,따르릉통신,1405475181306250,"S+-2 휴대폰 물에 빠트렸을 때 곧바로 해야 하는 것",120241389985210136,120241389985170136,"[디파트] 260223 - S+(설날)",120241389985250136
2025-12-29,2026-06-28,"S+-3 보이스피싱 막아주는 아이폰 신기능",4,5875,239,4.068085,2026-02-23,2026-03-02,따르릉통신,1405475181306250,"S+-3 보이스피싱 막아주는 아이폰 신기능",120241389985320136,120241389985180136,"[디파트] 260223 - S+(설날)",120241389985250136
2025-12-29,2026-06-28,"S+-5 휴대폰 다크모드 정말로 눈이 편해질까?",0,11183,520,4.649915,2026-02-23,2026-03-02,따르릉통신,1405475181306250,"S+-5 휴대폰 다크모드 정말로 눈이 편해질까?",120241389985330136,120241389985200136,"[디파트] 260223 - S+(설날)",120241389985250136
2025-12-29,2026-06-28,"S+-7 ‘파일’앱으로 이미지 편집 압축까지?",5,5618,166,2.954788,2026-02-23,2026-03-02,따르릉통신,1405475181306250,"S+-7 ‘파일’앱으로 이미지 편집 압축까지?",120241389985240136,120241389985260136,"[디파트] 260223 - S+(설날)",120241389985250136
2025-12-29,2026-06-28,"S+-9 갤럭시 S26 구매 전 필독 체크리스트",5,4829,232,4.804307,2026-02-23,2026-03-02,따르릉통신,1405475181306250,"S+-9 갤럭시 S26 구매 전 필독 체크리스트",120241389985190136,120241389985270136,"[디파트] 260223 - S+(설날)",120241389985250136
2025-12-29,2026-06-28,"S+-6 오래된 필름 폰으로 스캔하는 법",3,6397,417,6.518681,2026-02-23,2026-03-02,따르릉통신,1405475181306250,"S+-6 오래된 필름 폰으로 스캔하는 법",120241389985230136,120241389985280136,"[디파트] 260223 - S+(설날)",120241389985250136
2025-12-29,2026-06-28,"S+-4 부모님 스마트폰 TIP",6,2923,72,2.463223,2026-02-23,2026-03-02,따르릉통신,1405475181306250,"S+-4 부모님 스마트폰 TIP",120241389985220136,120241389985310136,"[디파트] 260223 - S+(설날)",120241389985250136
2025-12-29,2026-06-28,"S9-9 폰 털리지 않는 안전, 보안 필수 설정",7,2488,105,4.220257,2026-03-03,2026-03-10,따르릉통신,1405475181306250,"S9-9 폰 털리지 않는 안전, 보안 필수 설정",120241752438100136,120241752438110136,"[디파트] 260303 - S9",120241752438220136
2025-12-29,2026-06-28,"S9-10 가장 기억에 남는 고객 #4",0,6209,242,3.897568,2026-03-03,2026-03-10,따르릉통신,1405475181306250,"S9-10 가장 기억에 남는 고객 #4",120241752456470136,120241752456480136,"[디파트] 260303 - S9",120241752438220136
2025-12-29,2026-06-28,"S9-1 배터리 수명 늘리는 꿀TIP 공유",1,8723,306,3.507967,2026-03-03,2026-03-10,따르릉통신,1405475181306250,"S9-1 배터리 수명 늘리는 꿀TIP 공유",120241752457820136,120241752457810136,"[디파트] 260303 - S9",120241752438220136
2025-12-29,2026-06-28,"S9-11 갤럭시로 해외서 아멕스 카드 결제 가능",0,6765,296,4.375462,2026-03-03,2026-03-10,따르릉통신,1405475181306250,"S9-11 갤럭시로 해외서 아멕스 카드 결제 가능",120241752458460136,120241752458450136,"[디파트] 260303 - S9",120241752438220136
2025-12-29,2026-06-28,"S9-5 갤럭시 S26 사전예약은 언제?",2,4537,152,3.350231,2026-03-03,2026-03-10,따르릉통신,1405475181306250,"S9-5 갤럭시 S26 사전예약은 언제?",120241752458630136,120241752458640136,"[디파트] 260303 - S9",120241752438220136
2025-12-29,2026-06-28,"S9-3 약정 끝났는데 왜 요금은 그대로?",2,8186,87,1.06279,2026-03-03,2026-03-10,따르릉통신,1405475181306250,"S9-3 약정 끝났는데 왜 요금은 그대로?",120241752458840136,120241752458850136,"[디파트] 260303 - S9",120241752438220136
2025-12-29,2026-06-28,"S9-4 실구매가 0원? 속지 마세요!",1,3265,98,3.001531,2026-03-03,2026-03-10,따르릉통신,1405475181306250,"S9-4 실구매가 0원? 속지 마세요!",120241752458950136,120241752458960136,"[디파트] 260303 - S9",120241752438220136
2025-12-29,2026-06-28,"S9-13 음악 많이 듣는다면? 아이폰 음질 설정 필수",1,7863,239,3.039552,2026-03-03,2026-03-10,따르릉통신,1405475181306250,"S9-13 음악 많이 듣는다면? 아이폰 음질 설정 필수",120241752459070136,120241752459060136,"[디파트] 260303 - S9",120241752438220136
2025-12-29,2026-06-28,"S9-7 손보다 말이 편하다면? 갤럭시 이 기능!",2,4495,114,2.536151,2026-03-03,2026-03-10,따르릉통신,1405475181306250,"S9-7 손보다 말이 편하다면? 갤럭시 이 기능!",120241752459320136,120241752459330136,"[디파트] 260303 - S9",120241752438220136
2025-12-29,2026-06-28,"S9-12 Wi-fi 쓰는데도 데이터가 새고 있다고?",1,5976,185,3.095716,2026-03-03,2026-03-10,따르릉통신,1405475181306250,"S9-12 Wi-fi 쓰는데도 데이터가 새고 있다고?",120241752459470136,120241752459480136,"[디파트] 260303 - S9",120241752438220136
2025-12-29,2026-06-28,"S9-6 갤럭시 S26 말만 해도 사진 편집?",1,3679,97,2.636586,2026-03-03,2026-03-10,따르릉통신,1405475181306250,"S9-6 갤럭시 S26 말만 해도 사진 편집?",120241752460060136,120241752460050136,"[디파트] 260303 - S9",120241752438220136
2025-12-29,2026-06-28,"S9-14 복사만 했을 뿐인데 내 정보가 털린다고?",3,4207,175,4.159734,2026-03-03,2026-03-10,따르릉통신,1405475181306250,"S9-14 복사만 했을 뿐인데 내 정보가 털린다고?",120241752460530136,120241752460540136,"[디파트] 260303 - S9",120241752438220136
2025-12-29,2026-06-28,"S9-16 애플 공식 기준 아이폰 속도 2배 늘리기",1,8440,433,5.130332,2026-03-03,2026-03-10,따르릉통신,1405475181306250,"S9-16 애플 공식 기준 아이폰 속도 2배 늘리기",120241752460890136,120241752460900136,"[디파트] 260303 - S9",120241752438220136
2025-12-29,2026-06-28,"S9-8 업데이트로 알 수 있는 요즘 통화 트렌드",0,4494,126,2.803738,2026-03-03,2026-03-10,따르릉통신,1405475181306250,"S9-8 업데이트로 알 수 있는 요즘 통화 트렌드",120241752461080136,120241752461090136,"[디파트] 260303 - S9",120241752438220136
2025-12-29,2026-06-28,"S9-15 통화하는데 잡음이?",0,5016,161,3.209729,2026-03-03,2026-03-10,따르릉통신,1405475181306250,"S9-15 통화하는데 잡음이?",120241752461420136,120241752461410136,"[디파트] 260303 - S9",120241752438220136
2025-12-29,2026-06-28,"S10-3 40대의 스마트폰 잘 쓰는 법",2,2891,99,3.424421,2026-03-09,2026-03-16,따르릉통신,1405475181306250,"S10-3 40대의 스마트폰 잘 쓰는 법",120242001639700136,120242001639590136,"[디파트] 260309 - S10",120242001639660136
2025-12-29,2026-06-28,"S10-1 일잘러들의 ‘통화’는 이렇게 다릅니다",3,4005,81,2.022472,2026-03-09,2026-03-16,따르릉통신,1405475181306250,"S10-1 일잘러들의 ‘통화’는 이렇게 다릅니다",120242001653930136,120242001653940136,"[디파트] 260309 - S10",120242001639660136
2025-12-29,2026-06-28,"S10-6 출국 전, 휴대폰 설정 해외여행 꿀팁",6,4811,237,4.926211,2026-03-09,2026-03-16,따르릉통신,1405475181306250,"S10-6 출국 전, 휴대폰 설정 해외여행 꿀팁",120242001655180136,120242001655170136,"[디파트] 260309 - S10",120242001639660136
2025-12-29,2026-06-28,"S10-5 카카오톡 NEW 기능 왜 생겼을까?",1,9607,344,3.580722,2026-03-09,2026-03-16,따르릉통신,1405475181306250,"S10-5 카카오톡 NEW 기능 왜 생겼을까?",120242001656010136,120242001656000136,"[디파트] 260309 - S10",120242001639660136
2025-12-29,2026-06-28,"S10-4 ‘숙면’을 도와주는 아이폰 기본 기능?",2,8890,228,2.564679,2026-03-09,2026-03-16,따르릉통신,1405475181306250,"S10-4 ‘숙면’을 도와주는 아이폰 기본 기능?",120242001656320136,120242001656330136,"[디파트] 260309 - S10",120242001639660136
2025-12-29,2026-06-28,"S10-2 ‘휴대폰 성지’ 찾는 법 이것만 체크하세요",3,3028,75,2.476882,2026-03-09,2026-03-16,따르릉통신,1405475181306250,"S10-2 ‘휴대폰 성지’ 찾는 법 이것만 체크하세요",120242001657400136,120242001657410136,"[디파트] 260309 - S10",120242001639660136
2025-12-29,2026-06-28,"S10-7 가족 번호라 받았는데 보이스피싱?",0,13038,322,2.469704,2026-03-09,2026-03-16,따르릉통신,1405475181306250,"S10-7 가족 번호라 받았는데 보이스피싱?",120242001660600136,120242001660590136,"[디파트] 260309 - S10",120242001639660136
2025-12-29,2026-06-28,"S10-8 가장 기억에 남는 고객 #5",0,4100,77,1.878049,2026-03-09,2026-03-16,따르릉통신,1405475181306250,"S10-8 가장 기억에 남는 고객 #5",120242001660820136,120242001660810136,"[디파트] 260309 - S10",120242001639660136
2025-12-29,2026-06-28,"S11-2 갤럭시, 보조배터리로도 사용 가능?!",0,4872,142,2.914614,2026-03-16,2026-03-23,따르릉통신,1405475181306250,"S11-2 갤럭시, 보조배터리로도 사용 가능?!",120242341105800136,120242341105600136,"[디파트] 260316 - S11",120242341105610136
2025-12-29,2026-06-28,"S11-7 아이폰 카메라 이 작은 점은 무엇?",0,12711,1047,8.23696,2026-03-16,2026-03-23,따르릉통신,1405475181306250,"S11-7 아이폰 카메라 이 작은 점은 무엇?",120242341168330136,120242341168320136,"[디파트] 260316 - S11",120242341105610136
2025-12-29,2026-06-28,"S11-6 구글 실시간 도청 걱정? 일단 이렇게 설정!",1,6471,238,3.677948,2026-03-16,2026-03-23,따르릉통신,1405475181306250,"S11-6 구글 실시간 도청 걱정? 일단 이렇게 설정!",120242341170280136,120242341170270136,"[디파트] 260316 - S11",120242341105610136
2025-12-29,2026-06-28,"S11-8 아이폰 사진 촬영 금손되는 TIP",3,6950,422,6.071942,2026-03-16,2026-03-23,따르릉통신,1405475181306250,"S11-8 아이폰 사진 촬영 금손되는 TIP",120242341171410136,120242341171400136,"[디파트] 260316 - S11",120242341105610136
2025-12-29,2026-06-28,"S11-3 작심삼일 X 자기 계발 앱 추천 3",6,4672,211,4.516267,2026-03-16,2026-03-23,따르릉통신,1405475181306250,"S11-3 작심삼일 X 자기 계발 앱 추천 3",120242341172690136,120242341172720136,"[디파트] 260316 - S11",120242341105610136
2025-12-29,2026-06-28,"S11-5 아이폰 iOS26 업데이트 꿀팁 기능",1,9225,661,7.165312,2026-03-16,2026-03-23,따르릉통신,1405475181306250,"S11-5 아이폰 iOS26 업데이트 꿀팁 기능",120242341175780136,120242341175770136,"[디파트] 260316 - S11",120242341105610136
2025-12-29,2026-06-28,"S11-4 스마트폰, 언제 바꾸는 게 좋을까?",3,2088,51,2.442529,2026-03-16,2026-03-23,따르릉통신,1405475181306250,"S11-4 스마트폰, 언제 바꾸는 게 좋을까?",120242341177430136,120242341177440136,"[디파트] 260316 - S11",120242341105610136
2025-12-29,2026-06-28,"S11-9 가장 기억에 남는 고객 #6 반월당점",0,4794,202,4.2136,2026-03-16,2026-03-23,따르릉통신,1405475181306250,"S11-9 가장 기억에 남는 고객 #6 반월당점",120242341181000136,120242341180990136,"[디파트] 260316 - S11",120242341105610136
2025-12-29,2026-06-28,"S11-1 갤럭시 S26 NEW 총정리",1,3381,137,4.052056,2026-03-16,2026-03-23,따르릉통신,1405475181306250,"S11-1 갤럭시 S26 NEW 총정리",120242341173770136,120242341173760136,"[디파트] 260316 - S11",120242341105610136
2025-12-29,2026-06-28,"S12-1 아이폰 17e 핵심 포인트 정리",2,9181,330,3.59438,2026-03-23,2026-03-30,따르릉통신,1405475181306250,"S12-1 아이폰 17e 핵심 포인트 정리",120242662740710136,120242662740820136,"[디파트] 260323 - S12",120242662740780136
2025-12-29,2026-06-28,"S12-2 에어드롭 갤럭시 S26에서도?",0,8045,226,2.809198,2026-03-23,2026-03-30,따르릉통신,1405475181306250,"S12-2 에어드롭 갤럭시 S26에서도?",120242662765810136,120242662765820136,"[디파트] 260323 - S12",120242662740780136
2025-12-29,2026-06-28,"S12-9 하루에 우리는 폰을 몇 번이나 볼까?",1,2870,81,2.8223,2026-03-23,2026-03-30,따르릉통신,1405475181306250,"S12-9 하루에 우리는 폰을 몇 번이나 볼까?",120242662766990136,120242662767000136,"[디파트] 260323 - S12",120242662740780136
2025-12-29,2026-06-28,"S12-6 따르릉통신 점장은 무슨 일을 할까?",4,4205,271,6.444709,2026-03-23,2026-03-30,따르릉통신,1405475181306250,"S12-6 따르릉통신 점장은 무슨 일을 할까?",120242662767830136,120242662767840136,"[디파트] 260323 - S12",120242662740780136
2025-12-29,2026-06-28,"S12-4 따르릉통신이 가장 많이 받는 질문",4,3449,114,3.305306,2026-03-23,2026-03-30,따르릉통신,1405475181306250,"S12-4 따르릉통신이 가장 많이 받는 질문",120242662768810136,120242662768820136,"[디파트] 260323 - S12",120242662740780136
2025-12-29,2026-06-28,"S12-10 가장 기억에 남는 고객 #7 “우리 가족 통신도 책임져주셔야죠”",0,5322,64,1.202555,2026-03-23,2026-03-30,따르릉통신,1405475181306250,"S12-10 가장 기억에 남는 고객 #7 “우리 가족 통신도 책임져주셔야죠”",120242662769260136,120242662769270136,"[디파트] 260323 - S12",120242662740780136
2025-12-29,2026-06-28,"S12-7 요즘 부모들이 꼭 켜두는 폰 설정",3,3911,87,2.224495,2026-03-23,2026-03-30,따르릉통신,1405475181306250,"S12-7 요즘 부모들이 꼭 켜두는 폰 설정",120242662770160136,120242662770170136,"[디파트] 260323 - S12",120242662740780136
2025-12-29,2026-06-28,"S12-3 휴대폰 전문가 직원이 추천하는 앱",1,5136,177,3.446262,2026-03-23,2026-03-30,따르릉통신,1405475181306250,"S12-3 휴대폰 전문가 직원이 추천하는 앱",120242662770660136,120242662770650136,"[디파트] 260323 - S12",120242662740780136
2025-12-29,2026-06-28,"S12-8 휴대폰 해킹 의심 신호 3가지",0,10942,396,3.619082,2026-03-23,2026-03-30,따르릉통신,1405475181306250,"S12-8 휴대폰 해킹 의심 신호 3가지",120242662771150136,120242662771140136,"[디파트] 260323 - S12",120242662740780136
2025-12-29,2026-06-28,"S12-5 진짜와 똑같은 가짜 앱 걸러내는 법",1,5081,138,2.716001,2026-03-23,2026-03-30,따르릉통신,1405475181306250,"S12-5 진짜와 똑같은 가짜 앱 걸러내는 법",120242662772230136,120242662772220136,"[디파트] 260323 - S12",120242662740780136
2025-12-29,2026-06-28,"S13-3 쿠팡 휴대폰 구매 정말로 저렴한 걸까?",1,3701,92,2.485815,2026-03-30,2026-04-06,따르릉통신,1405475181306250,"S13-3 쿠팡 휴대폰 구매 정말로 저렴한 걸까?",120243192631500136,120243192631470136,"[디파트] 260330 - S13",120243192631450136
2025-12-29,2026-06-28,"S13-1 화면을 잡아당기면 길어지는 삼성 폰?",1,6706,163,2.430659,2026-03-30,2026-04-06,따르릉통신,1405475181306250,"S13-1 화면을 잡아당기면 길어지는 삼성 폰?",120243192896800136,120243192896790136,"[디파트] 260330 - S13",120243192631450136
2025-12-29,2026-06-28,"S13-10 판매점 vs 대리점 차이는?",8,3460,112,3.236994,2026-03-30,2026-04-06,따르릉통신,1405475181306250,"S13-10 판매점 vs 대리점 차이는?",120243192915280136,120243192915290136,"[디파트] 260330 - S13",120243192631450136
2025-12-29,2026-06-28,"S13-7 5G인데 LTE보다 느린 이유는?",0,7161,253,3.533026,2026-03-30,2026-04-06,따르릉통신,1405475181306250,"S13-7 5G인데 LTE보다 느린 이유는?",120243192925300136,120243192925310136,"[디파트] 260330 - S13",120243192631450136
2025-12-29,2026-06-28,"S13-5 와이파이 5칸인데도 왜 느리지?",1,10051,469,4.666202,2026-03-30,2026-04-06,따르릉통신,1405475181306250,"S13-5 와이파이 5칸인데도 왜 느리지?",120243192931970136,120243192931960136,"[디파트] 260330 - S13",120243192631450136
2025-12-29,2026-06-28,"S13-9 사진 삭제 했는데도 왜 저장 공간이 없지?",4,4235,148,3.494687,2026-03-30,2026-04-06,따르릉통신,1405475181306250,"S13-9 사진 삭제 했는데도 왜 저장 공간이 없지?",120243192938370136,120243192938380136,"[디파트] 260330 - S13",120243192631450136
2025-12-29,2026-06-28,"S13-4 새 폰을 받았을 때 가장 먼저 해야 하는 건?",2,5905,199,3.370025,2026-03-30,2026-04-06,따르릉통신,1405475181306250,"S13-4 새 폰을 받았을 때 가장 먼저 해야 하는 건?",120243192945820136,120243192945830136,"[디파트] 260330 - S13",120243192631450136
2025-12-29,2026-06-28,"S13-8 비행기 모드로 충전 정말 더 빨리 될까?",0,7228,260,3.597122,2026-03-30,2026-04-06,따르릉통신,1405475181306250,"S13-8 비행기 모드로 충전 정말 더 빨리 될까?",120243192953580136,120243192953570136,"[디파트] 260330 - S13",120243192631450136
2025-12-29,2026-06-28,"S13-2 요즘 트렌드 ‘와비사비’처럼 폰 쓰기",1,9075,512,5.641873,2026-03-30,2026-04-06,따르릉통신,1405475181306250,"S13-2 요즘 트렌드 ‘와비사비’처럼 폰 쓰기",120243192960500136,120243192960490136,"[디파트] 260330 - S13",120243192631450136
2025-12-29,2026-06-28,"S13-6 눈으로 아이폰 조작? 손 바쁠 때 써보세요",0,8372,245,2.926421,2026-03-30,2026-04-06,따르릉통신,1405475181306250,"S13-6 눈으로 아이폰 조작? 손 바쁠 때 써보세요",120243192970690136,120243192970700136,"[디파트] 260330 - S13",120243192631450136
2025-12-29,2026-06-28,"S14-9 폰 분실 후 우리가 진짜 잃는 건?",0,9221,280,3.036547,2026-04-06,2026-04-13,따르릉통신,1405475181306250,"S14-9 폰 분실 후 우리가 진짜 잃는 건?",120243672914910136,120243672914900136,"[디파트] 260406 - S14",120243672914770136
2025-12-29,2026-06-28,"S14-1 갤럭시S26 초기 불량 체크하는 법",8,5693,191,3.354997,2026-04-06,2026-04-13,따르릉통신,1405475181306250,"S14-1 갤럭시S26 초기 불량 체크하는 법",120243673178600136,120243673178610136,"[디파트] 260406 - S14",120243672914770136
2025-12-29,2026-06-28,"S14-4 아이폰 18프로 이렇게 바뀐다고?",0,11047,746,6.752965,2026-04-06,2026-04-13,따르릉통신,1405475181306250,"S14-4 아이폰 18프로 이렇게 바뀐다고?",120243673191150136,120243673191140136,"[디파트] 260406 - S14",120243672914770136
2025-12-29,2026-06-28,"S14-10 여론조사 전화 안 오게 하는 방법",0,6633,231,3.482587,2026-04-06,2026-04-13,따르릉통신,1405475181306250,"S14-10 여론조사 전화 안 오게 하는 방법",120243673194710136,120243673194700136,"[디파트] 260406 - S14",120243672914770136
2025-12-29,2026-06-28,"S14-2 휴대폰 개통 시 ‘얼굴 확인’까지 한다고?",1,8976,374,4.166667,2026-04-06,2026-04-13,따르릉통신,1405475181306250,"S14-2 휴대폰 개통 시 ‘얼굴 확인’까지 한다고?",120243673196420136,120243673196430136,"[디파트] 260406 - S14",120243672914770136
2025-12-29,2026-06-28,"S14-3 구형 스마트폰 이제 카톡 못 쓴다?",0,7400,327,4.418919,2026-04-06,2026-04-13,따르릉통신,1405475181306250,"S14-3 구형 스마트폰 이제 카톡 못 쓴다?",120243673197970136,120243673197980136,"[디파트] 260406 - S14",120243672914770136
2025-12-29,2026-06-28,"S14-6 셀프 감금? AI 피싱? 신종 피싱 예방법",0,5687,104,1.828732,2026-04-06,2026-04-13,따르릉통신,1405475181306250,"S14-6 셀프 감금? AI 피싱? 신종 피싱 예방법",120243673198450136,120243673198460136,"[디파트] 260406 - S14",120243672914770136
2025-12-29,2026-06-28,"S14-5 내 아이폰은 언제까지 수리 가능?",0,8543,171,2.001639,2026-04-06,2026-04-13,따르릉통신,1405475181306250,"S14-5 내 아이폰은 언제까지 수리 가능?",120243673198650136,120243673198660136,"[디파트] 260406 - S14",120243672914770136
2025-12-29,2026-06-28,"S14-8 판매점 휴대폰 구매 저렴해지는 이유는?",4,2382,63,2.644836,2026-04-06,2026-04-13,따르릉통신,1405475181306250,"S14-8 판매점 휴대폰 구매 저렴해지는 이유는?",120243673199470136,120243673199460136,"[디파트] 260406 - S14",120243672914770136
2025-12-29,2026-06-28,"S14-7 젠지에겐 아이폰보다 갤럭시, 이유 알고 보니",0,9055,429,4.737714,2026-04-06,2026-04-13,따르릉통신,1405475181306250,"S14-7 젠지에겐 아이폰보다 갤럭시, 이유 알고 보니",120243673199800136,120243673199810136,"[디파트] 260406 - S14",120243672914770136
2025-12-29,2026-06-28,"S15-6 화질 안 깨지게 사진 공유하는 법",0,3827,101,2.639143,2026-04-13,2026-04-20,따르릉통신,1405475181306250,"S15-6 화질 안 깨지게 사진 공유하는 법",120244080820300136,120244080820400136,"[디파트] 260413 - S15",120244080820220136
2025-12-29,2026-06-28,"S15-9 스마트폰 초기 세팅 해야 하는 이유 & 방법",4,3950,151,3.822785,2026-04-13,2026-04-20,따르릉통신,1405475181306250,"S15-9 스마트폰 초기 세팅 해야 하는 이유 & 방법",120244080857010136,120244080857020136,"[디파트] 260413 - S15",120244080820220136
2025-12-29,2026-06-28,"S15-4 알면 편해지는 50대 분들을 위한 앱 3",2,3005,87,2.895175,2026-04-13,2026-04-20,따르릉통신,1405475181306250,"S15-4 알면 편해지는 50대 분들을 위한 앱 3",120244080862630136,120244080862470136,"[디파트] 260413 - S15",120244080820220136
2025-12-29,2026-06-28,"S15-7 스마트폰, 자기 전에 보면 최악?",5,2197,91,4.142012,2026-04-13,2026-04-20,따르릉통신,1405475181306250,"S15-7 스마트폰, 자기 전에 보면 최악?",120244080869500136,120244080869510136,"[디파트] 260413 - S15",120244080820220136
2025-12-29,2026-06-28,"S15-2 네이버 신분증 확인 이제 아이폰에서도!",2,6446,185,2.869997,2026-04-13,2026-04-20,따르릉통신,1405475181306250,"S15-2 네이버 신분증 확인 이제 아이폰에서도!",120244080870210136,120244080870200136,"[디파트] 260413 - S15",120244080820220136
2025-12-29,2026-06-28,"S15-1 심해진 아이폰 오타? 업데이트로 해결",2,8365,276,3.299462,2026-04-13,2026-04-20,따르릉통신,1405475181306250,"S15-1 심해진 아이폰 오타? 업데이트로 해결",120244080871630136,120244080871620136,"[디파트] 260413 - S15",120244080820220136
2025-12-29,2026-06-28,"S15-8 차 타면 멀미? 스마트폰으로 해결!",2,5355,109,2.035481,2026-04-13,2026-04-20,따르릉통신,1405475181306250,"S15-8 차 타면 멀미? 스마트폰으로 해결!",120244080873490136,120244080873500136,"[디파트] 260413 - S15",120244080820220136
2025-12-29,2026-06-28,"S15-5 스마트폰 바꿔야 하는 신호 3",0,9119,501,5.494023,2026-04-13,2026-04-20,따르릉통신,1405475181306250,"S15-5 스마트폰 바꿔야 하는 신호 3",120244080874410136,120244080874420136,"[디파트] 260413 - S15",120244080820220136
2025-12-29,2026-06-28,"S15-3 6월 공개 iOS 27 어떻게 바뀔까?",0,9679,641,6.622585,2026-04-13,2026-04-20,따르릉통신,1405475181306250,"S15-3 6월 공개 iOS 27 어떻게 바뀔까?",120244080874620136,120244080874610136,"[디파트] 260413 - S15",120244080820220136
2025-12-29,2026-06-28,"S16-6 연락처 저장 안 해도 이름 뜨게 하는 법",3,8218,565,6.875152,2026-04-20,2026-04-27,따르릉통신,1405475181306250,"S16-6 연락처 저장 안 해도 이름 뜨게 하는 법",120244354316300136,120244354316230136,"[디파트] 260420 - S16",120244354316160136
2025-12-29,2026-06-28,"S16-3 G-mail 쓴다면? 구글 AI 정보 유출 조심",4,6675,221,3.310861,2026-04-20,2026-04-27,따르릉통신,1405475181306250,"S16-3 G-mail 쓴다면? 구글 AI 정보 유출 조심",120244354356510136,120244354356500136,"[디파트] 260420 - S16",120244354316160136
2025-12-29,2026-06-28,"S16-4 실구매가 0원? 속지 마세요!",2,2264,67,2.959364,2026-04-20,2026-04-27,따르릉통신,1405475181306250,"S16-4 실구매가 0원? 속지 마세요!",120244354366340136,120244354366350136,"[디파트] 260420 - S16",120244354316160136
2025-12-29,2026-06-28,"S16-8 스마트폰으로 불안 다스리는 방법",1,3616,108,2.986726,2026-04-20,2026-04-27,따르릉통신,1405475181306250,"S16-8 스마트폰으로 불안 다스리는 방법",120244354369460136,120244354369470136,"[디파트] 260420 - S16",120244354316160136
2025-12-29,2026-06-28,"S16-2 애플 AI 신기능 아직도 안 써보셨어요?",4,6774,328,4.842043,2026-04-20,2026-04-27,따르릉통신,1405475181306250,"S16-2 애플 AI 신기능 아직도 안 써보셨어요?",120244354372990136,120244354373000136,"[디파트] 260420 - S16",120244354316160136
2025-12-29,2026-06-28,"S16-5 인스타 DM 아직도 그냥 보내세요?",1,10872,485,4.461001,2026-04-20,2026-04-27,따르릉통신,1405475181306250,"S16-5 인스타 DM 아직도 그냥 보내세요?",120244354377130136,120244354377140136,"[디파트] 260420 - S16",120244354316160136
2025-12-29,2026-06-28,"S16-1 갤럭시 AI 핵심은 ‘검색 안 해도 됩니다’",2,3008,101,3.357713,2026-04-20,2026-04-27,따르릉통신,1405475181306250,"S16-1 갤럭시 AI 핵심은 ‘검색 안 해도 됩니다’",120244354395430136,120244354395410136,"[디파트] 260420 - S16",120244354316160136
2025-12-29,2026-06-28,"S16-9 분쟁 증거 수집 비밀 녹음 켜는 법",5,7506,407,5.422329,2026-04-20,2026-04-27,따르릉통신,1405475181306250,"S16-9 분쟁 증거 수집 비밀 녹음 켜는 법",120244354405380136,120244354405390136,"[디파트] 260420 - S16",120244354316160136
2025-12-29,2026-06-28,"S16-10 폰으로 연결되는 세상 더 외로워진다면?",2,3404,77,2.262045,2026-04-20,2026-04-27,따르릉통신,1405475181306250,"S16-10 폰으로 연결되는 세상 더 외로워진다면?",120244354408180136,120244354408190136,"[디파트] 260420 - S16",120244354316160136
2025-12-29,2026-06-28,"S16-7 검지로 누르면 내 최애 앱이 바로?",3,5252,138,2.62757,2026-04-20,2026-04-27,따르릉통신,1405475181306250,"S16-7 검지로 누르면 내 최애 앱이 바로?",120244354411240136,120244354411230136,"[디파트] 260420 - S16",120244354316160136
2025-12-29,2026-06-28,"S17-8 새 폰을 받았을 때 가장 먼저 해야 하는 건?",9,2915,82,2.813036,2026-04-27,2026-05-04,따르릉통신,1405475181306250,"S17-8 새 폰을 받았을 때 가장 먼저 해야 하는 건?",120245142069140136,120245142069150136,"[디파트] 260427 - S17",120245141930310136
2025-12-29,2026-06-28,"S17-4 갤럭시 카메라, 사진&영상 TIP",2,4641,300,6.464124,2026-04-27,2026-05-04,따르릉통신,1405475181306250,"S17-4 갤럭시 카메라, 사진&영상 TIP",120245142077960136,120245142077950136,"[디파트] 260427 - S17",120245141930310136
2025-12-29,2026-06-28,"S17-5 공부 집중 깨는 자녀 폰 세팅 3가지",1,6435,186,2.890443,2026-04-27,2026-05-04,따르릉통신,1405475181306250,"S17-5 공부 집중 깨는 자녀 폰 세팅 3가지",120245142078200136,120245142078190136,"[디파트] 260427 - S17",120245141930310136
2025-12-29,2026-06-28,"S17-7 아이 첫 스마트폰 이것부터 설정",1,6748,138,2.04505,2026-04-27,2026-05-04,따르릉통신,1405475181306250,"S17-7 아이 첫 스마트폰 이것부터 설정",120245142079690136,120245142079700136,"[디파트] 260427 - S17",120245141930310136
2025-12-29,2026-06-28,"S17-3 아이폰 LIVE photo 알고 보니 용량 도둑?",1,6290,239,3.799682,2026-04-27,2026-05-04,따르릉통신,1405475181306250,"S17-3 아이폰 LIVE photo 알고 보니 용량 도둑?",120245142080260136,120245142080270136,"[디파트] 260427 - S17",120245141930310136
2025-12-29,2026-06-28,"S17-1 아이폰 20, 풀스크린? 어떻게 가능한 걸까",0,11260,628,5.577265,2026-04-27,2026-05-04,따르릉통신,1405475181306250,"S17-1 아이폰 20, 풀스크린? 어떻게 가능한 걸까",120245142080550136,120245142080560136,"[디파트] 260427 - S17",120245141930310136
2025-12-29,2026-06-28,"S17-9 약정 끝났는데 왜 요금은 그대로?",1,5272,62,1.176024,2026-04-27,2026-05-04,따르릉통신,1405475181306250,"S17-9 약정 끝났는데 왜 요금은 그대로?",120245142080800136,120245142080810136,"[디파트] 260427 - S17",120245141930310136
2025-12-29,2026-06-28,"S17-2 위험한 밤길, 휴대폰 안심 버튼",1,5395,119,2.205746,2026-04-27,2026-05-04,따르릉통신,1405475181306250,"S17-2 위험한 밤길, 휴대폰 안심 버튼",120245142082440136,120245142082430136,"[디파트] 260427 - S17",120245141930310136
2025-12-29,2026-06-28,"S17-6 판매왕 따르릉통신 영업 자기계발법",2,5294,101,1.90782,2026-04-27,2026-05-04,따르릉통신,1405475181306250,"S17-6 판매왕 따르릉통신 영업 자기계발법",120245142088250136,120245142088260136,"[디파트] 260427 - S17",120245141930310136
2025-12-29,2026-06-28,"S17-10 2만원대 5G 요금제 나온다",1,7311,225,3.077554,2026-04-27,2026-05-04,따르릉통신,1405475181306250,"S17-10 2만원대 5G 요금제 나온다",120245142091620136,120245142091610136,"[디파트] 260427 - S17",120245141930310136
2025-12-29,2026-06-28,"S18-11 분명 전화 왔는데 부재중만 찍힌 이유",1,4777,252,5.275277,2026-05-04,2026-05-11,따르릉통신,1405475181306250,"S18-11 분명 전화 왔는데 부재중만 찍힌 이유",120245730219170136,120245730218980136,"[디파트] 260504 - S18",120245729996510136
2025-12-29,2026-06-28,"S18-8 에어팟으로 실시간 번역 가능?",1,7286,177,2.429317,2026-05-04,2026-05-11,따르릉통신,1405475181306250,"S18-8 에어팟으로 실시간 번역 가능?",120245730238250136,120245730238240136,"[디파트] 260504 - S18",120245729996510136
2025-12-29,2026-06-28,"S18-7 갤럭시 폴더블폰, 진짜 살 만한가?",3,6301,133,2.110776,2026-05-04,2026-05-11,따르릉통신,1405475181306250,"S18-7 갤럭시 폴더블폰, 진짜 살 만한가?",120245730248770136,120245730248760136,"[디파트] 260504 - S18",120245729996510136
2025-12-29,2026-06-28,"S18-3 폰은 하나 번호는 두 개?!",0,5180,142,2.741313,2026-05-04,2026-05-11,따르릉통신,1405475181306250,"S18-3 폰은 하나 번호는 두 개?!",120245730259720136,120245730259730136,"[디파트] 260504 - S18",120245729996510136
2025-12-29,2026-06-28,"S18-1 스토킹 가해자 위치, 이제 앱으로 본다",5,7887,192,2.434386,2026-05-04,2026-05-11,따르릉통신,1405475181306250,"S18-1 스토킹 가해자 위치, 이제 앱으로 본다",120245730271440136,120245730271700136,"[디파트] 260504 - S18",120245729996510136
2025-12-29,2026-06-28,"S18-12 알림이 너무 많다면? 원할 때만 알림 받기",0,7635,73,0.956123,2026-05-04,2026-05-11,따르릉통신,1405475181306250,"S18-12 알림이 너무 많다면? 원할 때만 알림 받기",120245730282620136,120245730283020136,"[디파트] 260504 - S18",120245729996510136
2025-12-29,2026-06-28,"S18-4 따르릉통신이 저렴한 이유는?",0,5577,74,1.326878,2026-05-04,2026-05-11,따르릉통신,1405475181306250,"S18-4 따르릉통신이 저렴한 이유는?",120245730296490136,120245730296480136,"[디파트] 260504 - S18",120245729996510136
2025-12-29,2026-06-28,"S18-10 사진 전부 삭제? 애플 사칭 메일 주의",0,8518,169,1.984034,2026-05-04,2026-05-11,따르릉통신,1405475181306250,"S18-10 사진 전부 삭제? 애플 사칭 메일 주의",120245730312390136,120245730312400136,"[디파트] 260504 - S18",120245729996510136
2025-12-29,2026-06-28,"S18-5 번호이동 vs 기기변경 뭐가 더 이득일까?",2,9769,365,3.736309,2026-05-04,2026-05-11,따르릉통신,1405475181306250,"S18-5 번호이동 vs 기기변경 뭐가 더 이득일까?",120245730324980136,120245730324990136,"[디파트] 260504 - S18",120245729996510136
2025-12-29,2026-06-28,"S18-9 가장 기억에 남는 고객 #8 아이폰 vs 갤럭시 고민 끝낸 이유",0,7128,205,2.875982,2026-05-04,2026-05-11,따르릉통신,1405475181306250,"S18-9 가장 기억에 남는 고객 #8 아이폰 vs 갤럭시 고민 끝낸 이유",120245730335380136,120245730335370136,"[디파트] 260504 - S18",120245729996510136
2025-12-29,2026-06-28,"S18-6 40대의 스마트폰 잘 쓰는 법",0,4033,97,2.405157,2026-05-04,2026-05-11,따르릉통신,1405475181306250,"S18-6 40대의 스마트폰 잘 쓰는 법",120245730348530136,120245730348950136,"[디파트] 260504 - S18",120245729996510136
2025-12-29,2026-06-28,"S18-2 폰 교체 전에 이것부터 확인하세요",0,6689,111,1.659441,2026-05-04,2026-05-11,따르릉통신,1405475181306250,"S18-2 폰 교체 전에 이것부터 확인하세요",120245730371570136,120245730371580136,"[디파트] 260504 - S18",120245729996510136
2025-12-29,2026-06-28,"S19-1 같은 장소인데 나만 전화 안 터지는 이유",0,5654,213,3.767244,2026-05-11,2026-05-18,따르릉통신,1405475181306250,"S19-1 같은 장소인데 나만 전화 안 터지는 이유",120246246277810136,120246246277770136,"[디파트] 260511 - S19",120246246277750136
2025-12-29,2026-06-28,"S19-8 충전 속도 느린 이유 알고보니…",2,5948,389,6.540013,2026-05-11,2026-05-18,따르릉통신,1405475181306250,"S19-8 충전 속도 느린 이유 알고보니…",120246250303450136,120246250303480136,"[디파트] 260511 - S19",120246246277750136
2025-12-29,2026-06-28,"S19-7 방수폰인데도 침수되면 AS 안 된다?",0,6122,219,3.577262,2026-05-11,2026-05-18,따르릉통신,1405475181306250,"S19-7 방수폰인데도 침수되면 AS 안 된다?",120246250491290136,120246250491280136,"[디파트] 260511 - S19",120246246277750136
2025-12-29,2026-06-28,"S19-3 EU, 2027년 2월부터 교체형 배터리 의무화",1,8219,609,7.409661,2026-05-11,2026-05-18,따르릉통신,1405475181306250,"S19-3 EU, 2027년 2월부터 교체형 배터리 의무화",120246250583200136,120246250583190136,"[디파트] 260511 - S19",120246246277750136
2025-12-29,2026-06-28,"S19-4 스마트폰 앱들이 내 폰을 감시한다?",3,5266,133,2.525636,2026-05-11,2026-05-18,따르릉통신,1405475181306250,"S19-4 스마트폰 앱들이 내 폰을 감시한다?",120246250592010136,120246250592020136,"[디파트] 260511 - S19",120246246277750136
2025-12-29,2026-06-28,"S19-5 갤럭시 사진 고화질로 전송하기",2,4766,154,3.231221,2026-05-11,2026-05-18,따르릉통신,1405475181306250,"S19-5 갤럭시 사진 고화질로 전송하기",120246250593340136,120246250593350136,"[디파트] 260511 - S19",120246246277750136
2025-12-29,2026-06-28,"S19-2 폰 교체 전, 가장 먼저 해야 하는 것",1,4018,100,2.4888,2026-05-11,2026-05-18,따르릉통신,1405475181306250,"S19-2 폰 교체 전, 가장 먼저 해야 하는 것",120246250594710136,120246250594720136,"[디파트] 260511 - S19",120246246277750136
2025-12-29,2026-06-28,"S19-6 갓생 살기 위한 자기계발 앱 추천 3",2,4846,134,2.765167,2026-05-11,2026-05-18,따르릉통신,1405475181306250,"S19-6 갓생 살기 위한 자기계발 앱 추천 3",120246250596450136,120246250596460136,"[디파트] 260511 - S19",120246246277750136
2025-12-29,2026-06-28,"S20-4 위약금이 나오는 이유 CHECK",0,5766,112,1.942421,2026-05-18,2026-05-25,따르릉통신,1405475181306250,"S20-4 위약금이 나오는 이유 CHECK",120246810516840136,120246810516760136,"[디파트] 260518 - S20",120246810516930136
2025-12-29,2026-06-28,"S20-10 아이폰 18 Pro 자색고구마 뜬다?!",0,8488,303,3.569746,2026-05-18,2026-05-25,따르릉통신,1405475181306250,"S20-10 아이폰 18 Pro 자색고구마 뜬다?!",120246811588800136,120246811588790136,"[디파트] 260518 - S20",120246810516930136
2025-12-29,2026-06-28,"S20-1 집 와이파이가 느린 진짜 이유",1,6144,273,4.443359,2026-05-18,2026-05-25,따르릉통신,1405475181306250,"S20-1 집 와이파이가 느린 진짜 이유",120246811592240136,120246811592230136,"[디파트] 260518 - S20",120246810516930136
2025-12-29,2026-06-28,"S20-9 아이폰 사진 편집 더 똑똑해진다 feat. iOS 27",0,5788,251,4.336558,2026-05-18,2026-05-25,따르릉통신,1405475181306250,"S20-9 아이폰 사진 편집 더 똑똑해진다 feat. iOS 27",120246811594800136,120246811594790136,"[디파트] 260518 - S20",120246810516930136
2025-12-29,2026-06-28,"S20-3 화소가 높으면 무조건 사진이 잘 찍힐까?",0,5214,187,3.586498,2026-05-18,2026-05-25,따르릉통신,1405475181306250,"S20-3 화소가 높으면 무조건 사진이 잘 찍힐까?",120246811598110136,120246811598120136,"[디파트] 260518 - S20",120246810516930136
2025-12-29,2026-06-28,"S20-7 부모님 휴대폰 구매 체크해야 할 점",1,5538,129,2.329361,2026-05-18,2026-05-25,따르릉통신,1405475181306250,"S20-7 부모님 휴대폰 구매 체크해야 할 점",120246811600230136,120246811600240136,"[디파트] 260518 - S20",120246810516930136
2025-12-29,2026-06-28,"S20-6 따르릉통신 고객이 많은 이유",0,4639,178,3.837034,2026-05-18,2026-05-25,따르릉통신,1405475181306250,"S20-6 따르릉통신 고객이 많은 이유",120246811601130136,120246811601140136,"[디파트] 260518 - S20",120246810516930136
2025-12-29,2026-06-28,"S20-2 폰 잃어버리기 전에 이것부터 설정",6,4678,171,3.655408,2026-05-18,2026-05-25,따르릉통신,1405475181306250,"S20-2 폰 잃어버리기 전에 이것부터 설정",120246811602620136,120246811602610136,"[디파트] 260518 - S20",120246810516930136
2025-12-29,2026-06-28,"S20-5 휴대폰 싸게 사는 법 판매점이 유리한 이유",2,5830,147,2.521441,2026-05-18,2026-05-25,따르릉통신,1405475181306250,"S20-5 휴대폰 싸게 사는 법 판매점이 유리한 이유",120246811604740136,120246811604750136,"[디파트] 260518 - S20",120246810516930136
2025-12-29,2026-06-28,"S20-8 느려진 폰, 1분 만에 빠르게",4,2889,106,3.66909,2026-05-18,2026-05-25,따르릉통신,1405475181306250,"S20-8 느려진 폰, 1분 만에 빠르게",120246811605590136,120246811605600136,"[디파트] 260518 - S20",120246810516930136
2025-12-29,2026-06-28,"S21-1 따르릉통신 시작 이유 ‘가격’ 때문?!",1,6142,126,2.051449,2026-05-26,2026-06-02,따르릉통신,1405475181306250,"S21-1 따르릉통신 시작 이유 ‘가격’ 때문?!",120247549717700136,120247549717670136,"[디파트] 260526 - S21",120247549717580136
2025-12-29,2026-06-28,"S21-2 아이폰 AI, 챗gpt로 선택 가능?!",0,6318,156,2.469136,2026-05-26,2026-06-02,따르릉통신,1405475181306250,"S21-2 아이폰 AI, 챗gpt로 선택 가능?!",120247550027800136,120247550027810136,"[디파트] 260526 - S21",120247549717580136
2025-12-29,2026-06-28,"S21-4 따르릉통신이 마진을 택하지 않은 건",1,6513,115,1.765699,2026-05-26,2026-06-02,따르릉통신,1405475181306250,"S21-4 따르릉통신이 마진을 택하지 않은 건",120247550030450136,120247550030440136,"[디파트] 260526 - S21",120247549717580136
2025-12-29,2026-06-28,"S21-3 직장인 꿀팁 앱을 PC처럼 쓰기",7,5433,268,4.932818,2026-05-26,2026-06-02,따르릉통신,1405475181306250,"S21-3 직장인 꿀팁 앱을 PC처럼 쓰기",120247550032560136,120247550032550136,"[디파트] 260526 - S21",120247549717580136
2025-12-29,2026-06-28,"S21-6 데이터 다 썼는데 카톡은 되는 이유",1,7057,224,3.174153,2026-05-26,2026-06-02,따르릉통신,1405475181306250,"S21-6 데이터 다 썼는데 카톡은 되는 이유",120247550034790136,120247550034800136,"[디파트] 260526 - S21",120247549717580136
2025-12-29,2026-06-28,"S21-10 아이폰-갤럭시 간 문자 보안도 강화된다",0,6891,146,2.118706,2026-05-26,2026-06-02,따르릉통신,1405475181306250,"S21-10 아이폰-갤럭시 간 문자 보안도 강화된다",120247550037060136,120247550037050136,"[디파트] 260526 - S21",120247549717580136
2025-12-29,2026-06-28,"S21-7 가짜 휴대폰 성지 구별법 3",0,3142,91,2.896244,2026-05-26,2026-06-02,따르릉통신,1405475181306250,"S21-7 가짜 휴대폰 성지 구별법 3",120247550039300136,120247550039310136,"[디파트] 260526 - S21",120247549717580136
2025-12-29,2026-06-28,"S21-8 S21-8 폰 교체 타이밍? 이것부터 확인하세요",2,5743,130,2.263625,2026-05-26,2026-06-02,따르릉통신,1405475181306250,"S21-8 폰 교체 타이밍? 이것부터 확인하세요",120247550041180136,120247550041170136,"[디파트] 260526 - S21",120247549717580136
2025-12-29,2026-06-28,"S21-5 따르릉통신 리뷰",0,5623,164,2.916593,2026-05-26,2026-06-02,따르릉통신,1405475181306250,"S21-5 따르릉통신 리뷰",120247550044020136,120247550044030136,"[디파트] 260526 - S21",120247549717580136
2025-12-29,2026-06-28,"S21-9 오늘 하루 스마트폰 몇 번 봤나요?",0,3247,77,2.37142,2026-05-26,2026-06-02,따르릉통신,1405475181306250,"S21-9 오늘 하루 스마트폰 몇 번 봤나요?",120247550046170136,120247550046180136,"[디파트] 260526 - S21",120247549717580136
2025-12-29,2026-06-28,"S22-1 휴대폰 구매 조건 투명하게 밝히는 이유",2,4215,78,1.850534,2026-06-01,2026-06-08,따르릉통신,1405475181306250,"S22-1 휴대폰 구매 조건 투명하게 밝히는 이유",120248095731700136,120248095731610136,"[디파트] 260601 - S22",120248095731620136
2025-12-29,2026-06-28,"S22-2 업데이트 후 배터리 🔽 고장일까?",6,4063,181,4.454836,2026-06-01,2026-06-08,따르릉통신,1405475181306250,"S22-2 업데이트 후 배터리 🔽 고장일까?",120248095826540136,120248095826550136,"[디파트] 260601 - S22",120248095731620136
2025-12-29,2026-06-28,"S22-4 128GB 샀다가 후회하는 유형",1,8123,315,3.877878,2026-06-01,2026-06-08,따르릉통신,1405475181306250,"S22-4 128GB 샀다가 후회하는 유형",120248095827570136,120248095827560136,"[디파트] 260601 - S22",120248095731620136
2025-12-29,2026-06-28,"S22-3 휴대폰 보험 이런 사람은 필수",0,6427,106,1.649292,2026-06-01,2026-06-08,따르릉통신,1405475181306250,"S22-3 휴대폰 보험 이런 사람은 필수",120248095827870136,120248095827880136,"[디파트] 260601 - S22",120248095731620136
2025-12-29,2026-06-28,"S23-1 폰 바꿀 때 대리점 직원이 절대 안 하는 것",0,6191,203,3.278953,2026-06-08,2026-06-15,따르릉통신,1405475181306250,"S23-1 폰 바꿀 때 대리점 직원이 절대 안 하는 것",120248651836720136,120248651836680136,"[디파트] 260608 - S23",120248651836660136
2025-12-29,2026-06-28,"S23-2 가장 기억에 남는 고객 #9 아이 첫 휴대폰 구매",2,7115,274,3.851019,2026-06-08,2026-06-15,따르릉통신,1405475181306250,"S23-2 가장 기억에 남는 고객 #9 아이 첫 휴대폰 구매",120248651892940136,120248651892950136,"[디파트] 260608 - S23",120248651836660136
2025-12-29,2026-06-28,"S24-1 중고폰 팔기 전 이건 꼭 지우셔야 합니다",0,7250,248,3.42069,2026-06-15,2026-06-22,따르릉통신,1405475181306250,"S24-1 중고폰 팔기 전 이건 꼭 지우셔야 합니다",120249308348180136,120249308348200136,"[디파트] 260615 - S24",120249308348160136
2025-12-29,2026-06-28,"S24-2 이건 모르셨을 걸요? 갤럭시 활용 시리즈 1탄",2,4830,120,2.484472,2026-06-15,2026-06-22,따르릉통신,1405475181306250,"S24-2 이건 모르셨을 걸요? 갤럭시 활용 시리즈 1탄",120249308420860136,120249308420870136,"[디파트] 260615 - S24",120249308348160136
2025-12-29,2026-06-28,"S24-3 AI 기능, 무조건 다 쓸 필요 없어요",1,7495,84,1.120747,2026-06-15,2026-06-22,따르릉통신,1405475181306250,"S24-3 AI 기능, 무조건 다 쓸 필요 없어요",120249308422120136,120249308422130136,"[디파트] 260615 - S24",120249308348160136
2025-12-29,2026-06-28,"S1-5 휴대폰 바꾸기 전, 가장 먼저 해야 하는 건?",2,5243,194,3.700172,2026-06-22,2026-06-29,따르릉통신,1405475181306250,"S1-5 휴대폰 바꾸기 전, 가장 먼저 해야 하는 건?",120249657549920136,120249657549930136,"[디파트] 260622 팔로우 상위 3",120249657549910136
2025-12-29,2026-06-28,"S2-5 스마트폰, 몇 년 쓰고 바꾸는 게 좋을까?",3,5530,222,4.014467,2026-06-22,2026-06-29,따르릉통신,1405475181306250,"S2-5 스마트폰, 몇 년 쓰고 바꾸는 게 좋을까?",120249675929760136,120249675929750136,"[디파트] 260622 팔로우 상위 3",120249657549910136
2025-12-29,2026-06-28,"S17-8 새 폰을 받았을 때 가장 먼저 해야 하는 건?",6,2451,101,4.120767,2026-06-22,2026-06-29,따르릉통신,1405475181306250,"S17-8 새 폰을 받았을 때 가장 먼저 해야 하는 건?",120249675957560136,120249675957550136,"[디파트] 260622 팔로우 상위 3",120249657549910136
2025-12-29,2026-06-28,"S25-1 부모님 요금제, 아직도 예전 그대로?",0,7485,114,1.523046,2026-06-22,2026-06-29,따르릉통신,1405475181306250,"S25-1 부모님 요금제, 아직도 예전 그대로?",120249850560940136,120249850560950136,"[디파트] 260622 - S25",120249833859160136
2025-12-29,2026-06-28,"S25-5 휴대폰 판매점에서 꼭 물어봐야 하는 질문 5",0,6326,115,1.817894,2026-06-22,2026-06-29,따르릉통신,1405475181306250,"S25-5 휴대폰 판매점에서 꼭 물어봐야 하는 질문 5",120249850561430136,120249850561440136,"[디파트] 260622 - S25",120249833859160136
2025-12-29,2026-06-28,"S25-4 이건 모르셨을 걸요? 갤럭시 활용 시리즈 2탄",6,3852,119,3.089304,2026-06-22,2026-06-29,따르릉통신,1405475181306250,"S25-4 이건 모르셨을 걸요? 갤럭시 활용 시리즈 2탄",120249850562200136,120249850562210136,"[디파트] 260622 - S25",120249833859160136
2025-12-29,2026-06-28,"S25-2 같은 폰인데 오프라인이 더 저렴할 수 있나요?",0,6380,117,1.833856,2026-06-22,2026-06-29,따르릉통신,1405475181306250,"S25-2 같은 폰인데 오프라인이 더 저렴할 수 있나요?",120249850562510136,120249850562500136,"[디파트] 260622 - S25",120249833859160136
2025-12-29,2026-06-28,"S25-3 전화 중에 앱 설치 하라고 하면 끊으세요",3,5899,142,2.407188,2026-06-22,2026-06-29,따르릉통신,1405475181306250,"S25-3 전화 중에 앱 설치 하라고 하면 끊으세요",120249850562740136,120249850562750136,"[디파트] 260622 - S25",120249833859160136
