"보고 시작","보고 종료","광고 이름","캠페인 ID","광고 ID","계정 ID","계정 이름",시작,종료,"광고 세트 ID","Instagram 프로필 방문","Instagram 팔로우",CTR(전체),클릭(전체),노출
2025-11-03,2026-05-31,"S25-1 4월의 미친 할인! 쟁여야 할 제로템만 모았어",120241362288850765,120241362292110765,1008886398030550,"ZERO STORE",2026-04-27,2026-05-04,120241362292100765,538,17,6.25,459,7344
2025-11-03,2026-05-31,"S25-3 다이어트 중 피자 먹는 법? 제로미한테 배워봄",120241362288850765,120241362292270765,1008886398030550,"ZERO STORE",2026-04-27,2026-05-04,120241362292280765,280,11,3.546423,233,6570
2025-11-03,2026-05-31,"S25-4 쿠팡, 컬리랑 마음껏 비교하세요",120241362288850765,120241362292410765,1008886398030550,"ZERO STORE",2026-04-27,2026-05-04,120241362292400765,301,12,3.888677,204,5246
2025-11-03,2026-05-31,"S26-6 다이어트 중 떡볶이 먹는 법? 제로미한테 배워봄",120241801485480765,120241801485530765,1008886398030550,"ZERO STORE",2026-05-04,2026-05-11,120241801485510765,205,8,3.23741,162,5004
2025-11-03,2026-05-31,"S26-1 시험 끝났으니까 이제 진짜 다이어트 해야지?",120241801485480765,120241801485540765,1008886398030550,"ZERO STORE",2026-05-04,2026-05-11,120241801485470765,365,9,4.244119,258,6079
2025-11-03,2026-05-31,"S26-2 한달 식단비, 10만원으로 해결하는 방법?",120241801485480765,120241801505310765,1008886398030550,"ZERO STORE",2026-05-04,2026-05-11,120241801505300765,304,10,3.777862,200,5294
2025-11-03,2026-05-31,"S26-3 다이어트 할 때 먹어도 되는 간편식 모음",120241801485480765,120241801505860765,1008886398030550,"ZERO STORE",2026-05-04,2026-05-11,120241801505850765,314,8,3.865161,219,5666
2025-11-03,2026-05-31,"S26-4 위X비, 마X자로말고 이렇게 빼봐",120241801485480765,120241801506600765,1008886398030550,"ZERO STORE",2026-05-04,2026-05-11,120241801506590765,244,5,3.105289,128,4122
2025-11-03,2026-05-31,"S26-5 맛있게 관리하자! 저당 간식 모음 5",120241801485480765,120241801513280765,1008886398030550,"ZERO STORE",2026-05-04,2026-05-11,120241801513290765,485,18,5.017368,390,7773
2025-11-03,2026-05-31,"S27-2 다이어트 중에도 먹고 싶을 땐? 제로미 애착템 5",120242253082760765,120242253082900765,1008886398030550,"ZERO STORE",2026-05-11,2026-05-18,120242253082770765,364,9,4.891751,357,7298
2025-11-03,2026-05-31,"S27-3 어릴 때 그 맛, 이제 죄책감 없이 제로로!",120242253082760765,120242253662510765,1008886398030550,"ZERO STORE",2026-05-11,2026-05-18,120242253662520765,315,4,3.666078,332,9056
2025-11-03,2026-05-31,"S27-4 봄 다이어트 시작했는데 간식 못 끊겠다면?",120242253082760765,120242253673430765,1008886398030550,"ZERO STORE",2026-05-11,2026-05-18,120242253673420765,265,8,3.642751,197,5408
2025-11-03,2026-05-31,"S27-1 5월 다이어터의 마음가짐",120242253082760765,120242253682710765,1008886398030550,"ZERO STORE",2026-05-11,2026-05-18,120242253682700765,276,2,3.713418,269,7244
2025-11-03,2026-05-31,"S27-5 우리 엄마 아빠 혈당 걱정 없는 간식 5",120242253082760765,120242253685000765,1008886398030550,"ZERO STORE",2026-05-11,2026-05-18,120242253684990765,181,12,4.422489,188,4251
2025-11-03,2026-05-31,"S27-6 우리가 저당을 모으게 된 이유",120242253082760765,120242253687430765,1008886398030550,"ZERO STORE",2026-05-11,2026-05-18,120242253687440765,334,17,4.143769,279,6733
2025-11-03,2026-05-31,"S27-7 굶지 않고 6kg 감량한 다이어터의 하루 루틴",120242253082760765,120242253689240765,1008886398030550,"ZERO STORE",2026-05-11,2026-05-18,120242253689250765,138,6,3.002611,138,4596
2025-11-03,2026-05-31,"S28-1 5월의 미친 할인! 쟁여야 할 제로템 알려줄게",120242805330670765,120242805330710765,1008886398030550,"ZERO STORE",2026-05-18,2026-05-25,120242805330800765,463,9,5.875035,425,7234
2025-11-03,2026-05-31,"S28-4 빵순이들을 위한 살 안 찌는 빵 5",120242805330670765,120242805363450765,1008886398030550,"ZERO STORE",2026-05-18,2026-05-25,120242805363460765,367,11,6.180156,365,5906
2025-11-03,2026-05-31,"S28-2 트렌디한 저당식품 싹 다 모아 놓은 곳?",120242805330670765,120242805364610765,1008886398030550,"ZERO STORE",2026-05-18,2026-05-25,120242805364620765,385,10,4.565408,312,6834
2025-11-03,2026-05-31,"S28-3 살 빼면서 먹는 제로미 PICK 저당템!",120242805330670765,120242805364970765,1008886398030550,"ZERO STORE",2026-05-18,2026-05-25,120242805364960765,250,8,3.703704,207,5589
2025-11-03,2026-05-31,"S29-1 쟁여두고 먹는 속세맛 프로틴바 5",120243488551580765,120243488551610765,1008886398030550,"ZERO STORE",2026-05-26,2026-06-02,120243488551620765,245,9,4.20493,174,4138
2025-11-03,2026-05-31,"S29-3 저당 제품, 왜 이렇게 비싼 거예요?",120243488551580765,120243488606720765,1008886398030550,"ZERO STORE",2026-05-26,2026-06-02,120243488606710765,292,14,5.464025,262,4795
2025-11-03,2026-05-31,"S29-4 잘 먹는 여돌들의 몸매 관리법?",120243488551580765,120243488608290765,1008886398030550,"ZERO STORE",2026-05-26,2026-06-02,120243488608300765,271,3,5.103868,285,5584
2025-11-03,2026-05-31,"S29-5 운동 치트키, 프로틴 음료 모음 5",120243488551580765,120243488610070765,1008886398030550,"ZERO STORE",2026-05-26,2026-06-02,120243488610060765,222,7,3.859787,196,5078
2025-11-03,2026-05-31,"S29-2 살빠질 수 밖에 없는 하루 식단템 공개",120243488551580765,120243488610850765,1008886398030550,"ZERO STORE",2026-05-26,2026-06-02,120243488610840765,300,11,6.080283,309,5082
2025-11-03,2026-05-31,"S20-2 비싼 식단템, 솔직히 너무 부담되지 않아?",120239363726300765,120239363808170765,1008886398030550,"ZERO STORE",2026-03-23,2026-03-30,120239363808160765,99,10,2.583333,93,3600
2025-11-03,2026-05-31,"S20-3 다이어트할 때 먹어도 되는 술안주 모음!",120239363726300765,120239363811730765,1008886398030550,"ZERO STORE",2026-03-23,2026-03-30,120239363811720765,93,14,2.680888,93,3469
2025-11-03,2026-05-31,"S20-6 3월의 미친 할인! 하나하나 파헤쳐보자",120239363726300765,120239363818310765,1008886398030550,"ZERO STORE",2026-03-23,2026-03-30,120239363818300765,149,21,3.219198,110,3417
2025-11-03,2026-05-31,"S21-2 다이어트 할 때 먹어도 되는 디저트 4",120239796616880765,120239796616970765,1008886398030550,"ZERO STORE",2026-03-30,2026-04-06,120239796616900765,420,15,5.471956,400,7310
2025-11-03,2026-05-31,"S21-5 제로 간식으로 같이 틴꾸하자𖦹⭑",120239796616880765,120239796686380765,1008886398030550,"ZERO STORE",2026-03-30,2026-04-06,120239796686390765,191,19,3.149086,143,4541
2025-11-03,2026-05-31,"S21-4 다이어트를 망치는 의외의 습관 3",120239796616880765,120239796689470765,1008886398030550,"ZERO STORE",2026-03-30,2026-04-06,120239796689460765,514,1,6.645862,575,8652
2025-11-03,2026-05-31,"S21-1 올 여름에는 민소매 입고 싶은 사람 주목!",120239796616880765,120239796691930765,1008886398030550,"ZERO STORE",2026-03-30,2026-04-06,120239796691920765,272,3,3.708134,217,5852
2025-11-03,2026-05-31,"S21-3 한 달 -3kg, 현실적인 직장인 도시락템",120239796616880765,120239796693290765,1008886398030550,"ZERO STORE",2026-03-30,2026-04-06,120239796693280765,395,22,5.272909,370,7017
2025-11-03,2026-05-31,"S22-2 어, 난 운동 안해 제로스토어 가",120240194931490765,120240194931500765,1008886398030550,"ZERO STORE",2026-04-06,2026-04-13,120240194931540765,329,9,3.906382,232,5939
2025-11-03,2026-05-31,"S22-6 5,000원으로 저당템 쇼핑 가능할까?",120240194931490765,120240194956100765,1008886398030550,"ZERO STORE",2026-04-06,2026-04-13,120240194956090765,225,9,2.775971,128,4611
2025-11-03,2026-05-31,"S22-4 살 찌는 커플 특징 우리 진짜 빼긴 빼야돼..",120240194931490765,120240194956310765,1008886398030550,"ZERO STORE",2026-04-06,2026-04-13,120240194956320765,840,1,6.021739,831,13800
2025-11-03,2026-05-31,"S22-5 통통 -> 마름 꿀조합 4가지 간식 추천",120240194931490765,120240194956650765,1008886398030550,"ZERO STORE",2026-04-06,2026-04-13,120240194956660765,301,6,4.098972,275,6709
2025-11-03,2026-05-31,"S22-1 다이어트 치트키 소스 싹 다 모아봄",120240194931490765,120240194956810765,1008886398030550,"ZERO STORE",2026-04-06,2026-04-13,120240194956800765,422,25,5.462284,462,8458
2025-11-03,2026-05-31,"S22-3 다이어트할 때 먹어도 되는 면 모음",120240194931490765,120240194963210765,1008886398030550,"ZERO STORE",2026-04-06,2026-04-13,120240194963220765,395,5,3.856613,312,8090
2025-11-03,2026-05-31,"S23-2 다이어트 할 때 먹어도 되는 식사떡 모음 2",120240535702000765,120240535702030765,1008886398030550,"ZERO STORE",2026-04-13,2026-04-20,120240535701960765,210,4,4.320679,173,4004
2025-11-03,2026-05-31,"S23-5 여돌들이 즐겨먹는 저당템 어디서 사?",120240535702000765,120240535730750765,1008886398030550,"ZERO STORE",2026-04-13,2026-04-20,120240535730740765,110,7,2.605724,61,2341
2025-11-03,2026-05-31,"S23-3 열심히 뺐는데.. 다시 요요오는 습관 3가지",120240535702000765,120240535731470765,1008886398030550,"ZERO STORE",2026-04-13,2026-04-20,120240535731480765,332,5,6.546015,340,5194
2025-11-03,2026-05-31,"S23-4 넷플 보면서 이거 먹자! 단짠 저당템 4",120240535702000765,120240535732090765,1008886398030550,"ZERO STORE",2026-04-13,2026-04-20,120240535732080765,241,4,4.734675,207,4372
2025-11-03,2026-05-31,"S23-1 살 빼면서 매일 갔던 나만의 방앗간!",120240535702000765,120240535732850765,1008886398030550,"ZERO STORE",2026-04-13,2026-04-20,120240535732860765,321,8,4.644068,274,5900
2025-11-03,2026-05-31,"S24-2 요즘 어딜가나 보이는 ﻿제로 전문 무인 편의점?",120240890369010765,120240890369060765,1008886398030550,"ZERO STORE",2026-04-20,2026-04-27,120240890369100765,446,8,4.749849,394,8295
2025-11-03,2026-05-31,"S24-5 집 앞에 있으면 삶의 질이 달라지는 곳 5",120240890369010765,120240890377380765,1008886398030550,"ZERO STORE",2026-04-20,2026-04-27,120240890377390765,302,14,6.364951,308,4839
2025-11-03,2026-05-31,"S24-1 다이어터의 4월 마음가짐!",120240890369010765,120240890377970765,1008886398030550,"ZERO STORE",2026-04-20,2026-04-27,120240890377980765,427,8,5.291193,298,5632
2025-11-03,2026-05-31,"S24-3 다이어트 할 때 먹어도 되는 아이스크림",120240890369010765,120240890378130765,1008886398030550,"ZERO STORE",2026-04-20,2026-04-27,120240890378140765,365,8,4.307883,347,8055
2025-11-03,2026-05-31,"S24-4 살 안 찌는 줄 알고 ﻿먹다가 망하는 음식",120240890369010765,120240890378700765,1008886398030550,"ZERO STORE",2026-04-20,2026-04-27,120240890378690765,745,5,7.822906,834,10661
2025-11-03,2026-05-31,"S25-2 다이어트 할 때 먹어도 되는 달달한 쿠키 모음!",120241362288850765,120241362288860765,1008886398030550,"ZERO STORE",2026-04-27,2026-05-04,120241362288910765,329,5,3.682796,274,7440
2025-11-03,2026-05-31,"S16-5 연휴 동안 찐 살? 지금부터 되돌리는 꿀팁!",120238082481740765,120238082481760765,1008886398030550,"ZERO STORE",2026-02-23,2026-03-02,120238082481780765,32,1,2.171986,49,2256
2025-11-03,2026-05-31,"S16-1 설날에 간식까지 참는 사람 없죠? 😌",120238082481740765,120238082481770765,1008886398030550,"ZERO STORE",2026-02-23,2026-03-02,120238082481800765,24,1,1.592624,38,2386
2025-11-03,2026-05-31,"S16-2 떴다.. 초코 러버들을 위한 특급 행사!🍫",120238082481740765,120238082481790765,1008886398030550,"ZERO STORE",2026-02-23,2026-03-02,120238082481820765,93,15,3.552924,96,2702
2025-11-03,2026-05-31,"S16-3 운동 안해도 살 빠지는 사람, 뭐가 다를까?",120238082481740765,120238082481810765,1008886398030550,"ZERO STORE",2026-02-23,2026-03-02,120238082481840765,60,5,3.145952,61,1939
2025-11-03,2026-05-31,"S16-4 다이어트할 때 먹어도 되는 소스 모음",120238082481740765,120238082481830765,1008886398030550,"ZERO STORE",2026-02-23,2026-03-02,120238082481750765,118,27,4.115371,117,2843
2025-11-03,2026-05-31,"S16-6 다이어트 중, 한 군데만 평생 공짜라면?",120238082481740765,120238082505110765,1008886398030550,"ZERO STORE",2026-02-23,2026-03-02,120238082505100765,43,7,2.446483,40,1635
2025-11-03,2026-05-31,"S17-3 제로스토어 입문자 주목👀 쇼핑 꿀팁 가이드",120238473817640765,120238473817630765,1008886398030550,"ZERO STORE",2026-03-03,2026-03-10,120238473817700765,98,18,3.546099,90,2538
2025-11-03,2026-05-31,"S17-4 얼먹하면 맛있는 제로 젤리 TOP3",120238473817640765,120238473830270765,1008886398030550,"ZERO STORE",2026-03-03,2026-03-10,120238473830260765,77,14,3.617443,73,2018
2025-11-03,2026-05-31,"S17-1 츄의 다이어트 비법? 애착 제로템 공개",120238473817640765,120238473832940765,1008886398030550,"ZERO STORE",2026-03-03,2026-03-10,120238473832930765,37,10,2.36432,44,1861
2025-11-03,2026-05-31,"S17-5 제로스토어 생기기 전 VS 생긴 후",120238473817640765,120238473833470765,1008886398030550,"ZERO STORE",2026-03-03,2026-03-10,120238473833480765,75,23,2.596315,62,2388
2025-11-03,2026-05-31,"S17-2 자취러가 다이어트가 힘든 이유?",120238473817640765,120238473833630765,1008886398030550,"ZERO STORE",2026-03-03,2026-03-10,120238473833620765,32,2,2.401372,42,1749
2025-11-03,2026-05-31,"S18-3 살 잘 찌는 MBTI 순위?",120238744207360765,120238744207370765,1008886398030550,"ZERO STORE",2026-03-09,2026-03-16,120238744207420765,19,4,2.229846,39,1749
2025-11-03,2026-05-31,"S18-1 야금야금 살 찌기 딱 좋은 습관 3",120238744207360765,120238744230700765,1008886398030550,"ZERO STORE",2026-03-09,2026-03-16,120238744230710765,66,7,4.727708,79,1671
2025-11-03,2026-05-31,"S18-4 3월 다이어트? 제로스토어가 제대로 도와줄게",120238744207360765,120238744231100765,1008886398030550,"ZERO STORE",2026-03-09,2026-03-16,120238744231090765,24,4,1.821862,45,2470
2025-11-03,2026-05-31,"S18-2 입 터지기 직전인 너에게.. 상황별 저당 간식 처방전",120238744207360765,120238744231350765,1008886398030550,"ZERO STORE",2026-03-09,2026-03-16,120238744231340765,114,31,4.579832,109,2380
2025-11-03,2026-05-31,"S18-5 헬창 주목! 운동 많이~ 되는 단백질템",120238744207360765,120238744232100765,1008886398030550,"ZERO STORE",2026-03-09,2026-03-16,120238744232090765,37,14,1.836655,47,2559
2025-11-03,2026-05-31,"S19-5 제로 무인 편의점, 결국 여기로 정착하는 이유?",120239085948890765,120239085948900765,1008886398030550,"ZERO STORE",2026-03-16,2026-03-23,120239085948940765,32,7,1.462905,42,2871
2025-11-03,2026-05-31,"S19-1 봄 피크닉에 이걸 안 챙겨? 피크닉 제로템 모음",120239085948890765,120239085991910765,1008886398030550,"ZERO STORE",2026-03-16,2026-03-23,120239085991900765,11,2,0.88,33,3750
2025-11-03,2026-05-31,"S19-6 우리 동네 제로스토어 찾아보기 동작구.ver",120239085948890765,120239085993090765,1008886398030550,"ZERO STORE",2026-03-16,2026-03-23,120239085993080765,80,6,1.050954,178,16937
2025-11-03,2026-05-31,"S19-3 -5kg되는 새내기 가방 속 필수템!🎒",120239085948890765,120239085993850765,1008886398030550,"ZERO STORE",2026-03-16,2026-03-23,120239085993860765,30,8,1.831386,58,3167
2025-11-03,2026-05-31,"S19-2 요즘 다이어터 사이에서 핫한 다이어트 성지?",120239085948890765,120239085994500765,1008886398030550,"ZERO STORE",2026-03-16,2026-03-23,120239085994510765,112,43,3.813559,99,2596
2025-11-03,2026-05-31,"S19-4 다이어트할 때 먹어도 되는 빵 모음",120239085948890765,120239085995110765,1008886398030550,"ZERO STORE",2026-03-16,2026-03-23,120239085995100765,231,52,5.664264,220,3884
2025-11-03,2026-05-31,"S20-1 다이어터의 3월 마음가짐!",120239363726300765,120239363726320765,1008886398030550,"ZERO STORE",2026-03-23,2026-03-30,120239363726390765,97,9,2.624672,100,3810
2025-11-03,2026-05-31,"S20-5 편의점은 과연 다이어트의 적일까?",120239363726300765,120239363803630765,1008886398030550,"ZERO STORE",2026-03-23,2026-03-30,120239363803620765,98,7,2.871411,92,3204
2025-11-03,2026-05-31,"S20-4 헬창 남친이 진짜 원하는 데이트코스",120239363726300765,120239363805890765,1008886398030550,"ZERO STORE",2026-03-23,2026-03-30,120239363805900765,85,5,3.051948,94,3080
2025-11-03,2026-05-31,"S11-2 통통 -> 날씬으로 가는 가장 쉬운 방법",120236616016920765,120236616040840765,1008886398030550,"ZERO STORE",2026-01-19,2026-01-26,120236616040850765,143,14,6.149848,142,2309
2025-11-03,2026-05-31,"S11-3 맛있게 살 빼는 탄단지 식단템 알려줄게!",120236616016920765,120236616047710765,1008886398030550,"ZERO STORE",2026-01-19,2026-01-26,120236616047700765,69,25,3.379501,61,1805
2025-11-03,2026-05-31,"S11-4 갑자기 추워진 요즘 살이 더 안 빠지는 이유",120236616016920765,120236616050340765,1008886398030550,"ZERO STORE",2026-01-19,2026-01-26,120236616050330765,32,5,2.789887,32,1147
2025-11-03,2026-05-31,"S11-5 이 제품들, 제로스토어에만 판다고?",120236616016920765,120236616053600765,1008886398030550,"ZERO STORE",2026-01-19,2026-01-26,120236616053610765,107,39,3.568827,98,2746
2025-11-03,2026-05-31,"S12-4 [EVENT] 이 중 하나만 제로로 나온다면?",120236880069120765,120236880069140765,1008886398030550,"ZERO STORE",2026-01-26,2026-02-02,120236880069170765,71,32,6.173994,66,1069
2025-11-03,2026-05-31,"S12-1 제로스토어 직원들은 다이어트를 잘할까?",120236880069120765,120236880069150765,1008886398030550,"ZERO STORE",2026-01-26,2026-02-02,120236880069210765,44,8,2.989537,40,1338
2025-11-03,2026-05-31,"S12-1 ;;충격적인 두쫀쿠 칼로리",120236880069120765,120236880069160765,1008886398030550,"ZERO STORE",2026-01-26,2026-02-02,120236880069200765,58,16,2.787633,55,1973
2025-11-03,2026-05-31,"S12-3 직장인 입터짐 방지템!! 이건 먹어도 괜찮아요",120236880069120765,120236880069180765,1008886398030550,"ZERO STORE",2026-01-26,2026-02-02,120236880069220765,65,18,3.508772,60,1710
2025-11-03,2026-05-31,"S13-2 나만 알고 싶은 제로스토어 다이어트 치트키",120237146215750765,120237146215760765,1008886398030550,"ZERO STORE",2026-02-02,2026-02-09,120237146215800765,78,21,3.183521,68,2136
2025-11-03,2026-05-31,"S13-1 주말에 또 폭식한 사람에게 월요일이 중요한 이유",120237146215750765,120237146240730765,1008886398030550,"ZERO STORE",2026-02-02,2026-02-09,120237146240740765,39,12,4.317386,37,857
2025-11-03,2026-05-31,"S13-3 제로스토어가 고객님들께 제일 듣고 싶은 말",120237146215750765,120237146243130765,1008886398030550,"ZERO STORE",2026-02-02,2026-02-09,120237146243140765,47,5,2.696225,45,1669
2025-11-03,2026-05-31,"S13-4 떡순이 주목! 다이어트할 때 먹어도 되는 떡 모음",120237146215750765,120237146246220765,1008886398030550,"ZERO STORE",2026-02-02,2026-02-09,120237146246230765,144,40,6.498195,144,2216
2025-11-03,2026-05-31,"S13-5 제로스토어 처음 온 사람 유형",120237146215750765,120237146248580765,1008886398030550,"ZERO STORE",2026-02-02,2026-02-09,120237146248590765,73,26,3.250564,72,2215
2025-11-03,2026-05-31,"S13-6 누가 제로스토어 사줄지 결정할 때 사용하는 룰렛",120237146215750765,120237146252920765,1008886398030550,"ZERO STORE",2026-02-02,2026-02-09,120237146252910765,242,2,5.461994,240,4394
2025-11-03,2026-05-31,"S14-5 완자 퀸카 -☆ 중식 땡길 땐 이거!",120237434844640765,120237434844660765,1008886398030550,"ZERO STORE",2026-02-09,2026-02-16,120237434844720765,40,15,2.408112,38,1578
2025-11-03,2026-05-31,"S14-6 원 위에 손가락을 올려보세요",120237434844640765,120237435079160765,1008886398030550,"ZERO STORE",2026-02-09,2026-02-16,120237435079150765,38,9,2.390181,37,1548
2025-11-03,2026-05-31,"S14-2 ✈ 여행 필수 간식템? 제로로 챙겨봐!",120237434844640765,120237435082250765,1008886398030550,"ZERO STORE",2026-02-09,2026-02-16,120237435082240765,53,12,3.414948,53,1552
2025-11-03,2026-05-31,"S14-1 제로 간식이 다이어트를 방해한다고?",120237434844640765,120237435084210765,1008886398030550,"ZERO STORE",2026-02-09,2026-02-16,120237435084200765,86,12,3.761468,82,2180
2025-11-03,2026-05-31,"S14-4 제로스토어 팔로워 살 빠질 확률 ‘5배’ 높다",120237434844640765,120237435088030765,1008886398030550,"ZERO STORE",2026-02-09,2026-02-16,120237435088020765,99,27,4.364326,92,2108
2025-11-03,2026-05-31,"S14-3 다이어트? 너가 뭔데 떡볶이도 못 먹게해",120237434844640765,120237435090280765,1008886398030550,"ZERO STORE",2026-02-09,2026-02-16,120237435090270765,80,18,3.162218,77,2435
2025-11-03,2026-05-31,"S15-1 다이어터 맞춤 발렌타인데이 선물?🍫",120238082433460765,120238082433470765,1008886398030550,"ZERO STORE",2026-02-23,2026-03-02,120238082433530765,79,5,4.298802,61,1419
2025-11-03,2026-05-31,"S15-2 다이어트 치트키! 꾸~덕한 단백질템 모음",120238082433460765,120238082433480765,1008886398030550,"ZERO STORE",2026-02-23,2026-03-02,120238082433540765,69,9,2.862823,72,2515
2025-11-03,2026-05-31,"S15-3 출근 전 5분 컷, 살 안 찌는 아침 식단 4",120238082433460765,120238082433490765,1008886398030550,"ZERO STORE",2026-02-23,2026-03-02,120238082433550765,82,20,4.109589,87,2117
2025-11-03,2026-05-31,"S15-5 두쫀쿠 대신 이거! 피스타치오 제로템",120238082433460765,120238082433500765,1008886398030550,"ZERO STORE",2026-02-23,2026-03-02,120238082433570765,66,18,4.705882,72,1530
2025-11-03,2026-05-31,"S15-4 단 거, 짠 거, 매운 거 다 먹고도 살빼는 법",120238082433460765,120238082433510765,1008886398030550,"ZERO STORE",2026-02-23,2026-03-02,120238082433560765,80,11,2.969432,68,2290
2025-11-03,2026-05-31,"S6-2 전기장판 위에서 먹으면 더 맛있는 겨울 제로템",120235208168030765,120235208168070765,1008886398030550,"ZERO STORE",2025-12-15,2025-12-22,120235208168110765,38,17,2.751572,35,1272
2025-11-03,2026-05-31,"S6-4 두쫀쿠 다음은 이거야 다음 유행을 이끌 제로디저트 모음",120235208168030765,120235208168090765,1008886398030550,"ZERO STORE",2025-12-15,2025-12-22,120235208168130765,150,30,5.715367,151,2642
2025-11-03,2026-05-31,"S7-1 약속 많은 연말, 살 안 찌는 꿀팁 알려줄게!",120235578006610765,120235578006630765,1008886398030550,"ZERO STORE",2025-12-22,2025-12-29,120235578006700765,64,18,3.108253,58,1866
2025-11-03,2026-05-31,"S7-2 다이어트 중에 먹어도 되는 야식 조합",120235578006610765,120235578020490765,1008886398030550,"ZERO STORE",2025-12-22,2025-12-29,120235578020480765,88,25,4.026528,85,2111
2025-11-03,2026-05-31,"S7-5 상황별 제로스토어 사과법",120235578006610765,120235578022040765,1008886398030550,"ZERO STORE",2025-12-22,2025-12-29,120235578022050765,43,8,1.628352,34,2088
2025-11-03,2026-05-31,"S7-3 속보: 저당 컵누들 불닭맛 1개 1,800원, 전액 현금 매입",120235578006610765,120235578052220765,1008886398030550,"ZERO STORE",2025-12-22,2025-12-29,120235578052230765,40,11,2.45098,35,1428
2025-11-03,2026-05-31,"S7-4 여대생 특 여기 그냥 못 지나침 TOP 3",120235578006610765,120235578055490765,1008886398030550,"ZERO STORE",2025-12-22,2025-12-29,120235578055480765,24,5,2.016807,24,1190
2025-11-03,2026-05-31,"S8-4 집가는 길에 편의점 들렀다가 후회한 적 있는 사람?",120235825185800765,120235825185760765,1008886398030550,"ZERO STORE",2025-12-29,2026-01-05,120235825185750765,56,19,2.972399,56,1884
2025-11-03,2026-05-31,"S8-5 2025 연말결산 올해 가장 인기 많았던 저당/저칼로리 제품은 뭘까?",120235825185800765,120235825185770765,1008886398030550,"ZERO STORE",2025-12-29,2026-01-05,120235825185780765,97,22,3.136397,86,2742
2025-11-03,2026-05-31,"S8-1 왜 제로스토어는 걱정 없이 군것질하라고 말할까?",120235825185800765,120235825185790765,1008886398030550,"ZERO STORE",2025-12-29,2026-01-05,120235825185820765,100,22,3.709428,96,2588
2025-11-03,2026-05-31,"S8-3 맛있는데 살도 덜 찌는 식단?",120235825185800765,120235825185810765,1008886398030550,"ZERO STORE",2025-12-29,2026-01-05,120235825185850765,146,36,3.959307,144,3637
2025-11-03,2026-05-31,"S8-2 크리스마스 걸스나잇엔 이게 꼭 필요해",120235825185800765,120235825185830765,1008886398030550,"ZERO STORE",2025-12-29,2026-01-05,120235825185840765,28,11,2.23176,26,1165
2025-11-03,2026-05-31,"S8-6 가방 안에 쏙! 직장인 생존 간식템",120235825185800765,120235825236690765,1008886398030550,"ZERO STORE",2025-12-29,2026-01-05,120235825236680765,83,40,4.711425,80,1698
2025-11-03,2026-05-31,"S9-2 다이어트 두쫀쿠? 제로스토어가 만들어 봄",120236050215050765,120236050215040765,1008886398030550,"ZERO STORE",2026-01-05,2026-01-12,120236050215120765,160,31,4.885687,156,3193
2025-11-03,2026-05-31,"S9-1 30대, 살 안 빠지는 충격적인 이유",120236050215050765,120236050215060765,1008886398030550,"ZERO STORE",2026-01-05,2026-01-12,120236050215110765,76,21,5.641026,77,1365
2025-11-03,2026-05-31,"S9-3 다이어트할 때 먹어도 되는 과자 모음",120236050215050765,120236050215070765,1008886398030550,"ZERO STORE",2026-01-05,2026-01-12,120236050215130765,121,43,4.213695,112,2658
2025-11-03,2026-05-31,"S9-4 [EVENT] 새해맞이 다이어트? 제로스토어가 도와줄게",120236050215050765,120236050215080765,1008886398030550,"ZERO STORE",2026-01-05,2026-01-12,120236050215140765,90,45,5.761642,73,1267
2025-11-03,2026-05-31,"S9-5 다이어트 두쫀쿠 레시피 제로스토어.ver",120236050215050765,120236050215090765,1008886398030550,"ZERO STORE",2026-01-05,2026-01-12,120236050215150765,90,24,4.991192,85,1703
2025-11-03,2026-05-31,"S10-2 이런 제로 간식은 추천 안 합니다. 이유는요",120236326998290765,120236326998300765,1008886398030550,"ZERO STORE",2026-01-12,2026-01-19,120236326998360765,129,28,5.433376,126,2319
2025-11-03,2026-05-31,"S10-1 박자에 맞춰 말해보세요! 제로스토어.ver",120236326998290765,120236326998310765,1008886398030550,"ZERO STORE",2026-01-12,2026-01-19,120236326998350765,28,4,1.348548,26,1928
2025-11-03,2026-05-31,"S10-3 감히 예언하는 2026년 제로템 변화",120236326998290765,120236326998320765,1008886398030550,"ZERO STORE",2026-01-12,2026-01-19,120236326998370765,120,24,4.674718,120,2567
2025-11-03,2026-05-31,"S10-4 다이어트할 때 먹어도 되는 빵 모음",120236326998290765,120236326998330765,1008886398030550,"ZERO STORE",2026-01-12,2026-01-19,120236326998380765,92,25,4.341737,93,2142
2025-11-03,2026-05-31,"S10-5 왜 제로스토어는 오프라인에 집착할까?",120236326998290765,120236326998340765,1008886398030550,"ZERO STORE",2026-01-12,2026-01-19,120236326998280765,65,16,3.027295,61,2015
2025-11-03,2026-05-31,"S10-6 제로스토어 신상템 같이 구경하자!",120236326998290765,120236327011280765,1008886398030550,"ZERO STORE",2026-01-12,2026-01-19,120236327011290765,79,36,3.377111,72,2132
2025-11-03,2026-05-31,"S11-1 단백질 쉐이크, 다 같은 줄 알았죠?",120236616016920765,120236616017000765,1008886398030550,"ZERO STORE",2026-01-19,2026-01-26,120236616016930765,65,19,2.936858,60,2043
2025-11-03,2026-05-31,"S2-2 제로스토어 알기 전 VS 제로스토어 알고 난 후",120233600634190765,120233600634180765,1008886398030550,"ZERO STORE",2025-11-17,2025-11-24,120233600634250765,80,25,5.166553,76,1471
2025-11-03,2026-05-31,"S2-1 요즘 난리라는 제로템 신흥 강자 TOP 3",120233600634190765,120233600634200765,1008886398030550,"ZERO STORE",2025-11-17,2025-11-24,120233600634240765,57,26,3.859649,55,1425
2025-11-03,2026-05-31,"S2-3 이런 것도 제로가 있어? 1. 인기음료편",120233600634190765,120233600634210765,1008886398030550,"ZERO STORE",2025-11-17,2025-11-24,120233600634260765,57,21,3.560467,58,1629
2025-11-03,2026-05-31,"S2-4 김사원이 요즘 퇴근하고 매일 가는 곳?",120233600634190765,120233600634220765,1008886398030550,"ZERO STORE",2025-11-17,2025-11-24,120233600634270765,25,8,2.452026,23,938
2025-11-03,2026-05-31,"S2-5 지금 나에게 필요한 제로템은?",120233600634190765,120233600634230765,1008886398030550,"ZERO STORE",2025-11-17,2025-11-24,120233600634280765,25,10,3.12076,23,737
2025-11-03,2026-05-31,"S2-6 편의점보다 제로템 많은 수상한 공간?!?",120233600634190765,120233600830760765,1008886398030550,"ZERO STORE",2025-11-17,2025-11-24,120233600830740765,75,28,3.848238,71,1845
2025-11-03,2026-05-31,"S3-1 ""세트로 샀다가 내 입맛에 안 맞으면 어떡하지..?""",120233957565900765,120233957565910765,1008886398030550,"ZERO STORE",2025-11-24,2025-12-01,120233957565970765,39,14,3.598485,38,1056
2025-11-03,2026-05-31,"S3-2 요즘 난리난 말차 디저트! 제로로 즐겨보자",120233957565900765,120233957565920765,1008886398030550,"ZERO STORE",2025-11-24,2025-12-01,120233957565980765,77,39,4.363002,75,1719
2025-11-03,2026-05-31,"S3-3 여친 특 : 단거 먹고 싶다고 함 -> 단거 사다줌 -> 살찐다고 화냄",120233957565900765,120233957565930765,1008886398030550,"ZERO STORE",2025-11-24,2025-12-01,120233957565990765,34,8,3,33,1100
2025-11-03,2026-05-31,"S3-4 이런 것도 제로가 있어? 2. 아이스크림편",120233957565900765,120233957565940765,1008886398030550,"ZERO STORE",2025-11-24,2025-12-01,120233957566000765,54,22,2.880184,50,1736
2025-11-03,2026-05-31,"S3-5 제로스토어 직원이 PICK한 찐 애정템은?!?",120233957565900765,120233957565950765,1008886398030550,"ZERO STORE",2025-11-24,2025-12-01,120233957566010765,67,26,3.252513,55,1691
2025-11-03,2026-05-31,"S4-1 맛이 없으면, 절대 오래 못가요",120234341884960765,120234341884970765,1008886398030550,"ZERO STORE",2025-12-01,2025-12-08,120234341885020765,50,21,4.7105,48,1019
2025-11-03,2026-05-31,"S4-2 빵순이들이 다이어트가 힘든 이유",120234341884960765,120234341884980765,1008886398030550,"ZERO STORE",2025-12-01,2025-12-08,120234341885030765,70,20,5.165767,67,1297
2025-11-03,2026-05-31,"S4-3 내가 생각했던 제로 간식 vs 실제 요즘 핫한 제로 간식",120234341884960765,120234341884990765,1008886398030550,"ZERO STORE",2025-12-01,2025-12-08,120234341885040765,35,16,2.304738,36,1562
2025-11-03,2026-05-31,"S4-4 이건 간식이 아니라 관리 습관이에요",120234341884960765,120234341885000765,1008886398030550,"ZERO STORE",2025-12-01,2025-12-08,120234341885050765,37,14,3.914591,33,843
2025-11-03,2026-05-31,"S4-5 평생 제로템 3가지가 무료라면?",120234341884960765,120234341885010765,1008886398030550,"ZERO STORE",2025-12-01,2025-12-08,120234341885060765,50,8,3.15865,44,1393
2025-11-03,2026-05-31,"S4-6 다이어트 100% 성공하는 방법? 이렇게 바꾸고 -5kg 됨",120234341884960765,120234342478680765,1008886398030550,"ZERO STORE",2025-12-01,2025-12-08,120234342478690765,31,15,3.163265,31,980
2025-11-03,2026-05-31,"S5-1 연말인데.. 왜 나만 살찌는 것 같지?",120234786111390765,120234786111410765,1008886398030550,"ZERO STORE",2025-12-08,2025-12-15,120234786111400765,36,8,2.62418,28,1067
2025-11-03,2026-05-31,"S5-2 12월에 제로스토어를 가야 하는 이유?",120234786111390765,120234786172750765,1008886398030550,"ZERO STORE",2025-12-08,2025-12-15,120234786172760765,34,5,2.601156,27,1038
2025-11-03,2026-05-31,"S5-3 내년 계획도 혹시… 또 다이어트야?",120234786111390765,120234786183290765,1008886398030550,"ZERO STORE",2025-12-08,2025-12-15,120234786183300765,28,9,3.207331,28,873
2025-11-03,2026-05-31,"S5-4 판매량이 높은 여대생 대상 제품 추천",120234786111390765,120234786192070765,1008886398030550,"ZERO STORE",2025-12-08,2025-12-15,120234786192060765,42,11,2.493261,37,1484
2025-11-03,2026-05-31,"S5-5 평소의 나 vs 세일 기간의 나",120234786111390765,120234786214990765,1008886398030550,"ZERO STORE",2025-12-08,2025-12-15,120234786214980765,126,33,4.794799,118,2461
2025-11-03,2026-05-31,"S6-1 회원님, 여기선 마음껏 먹어도 돼요",120235208168030765,120235208168040765,1008886398030550,"ZERO STORE",2025-12-15,2025-12-22,120235208168100765,86,22,4.704532,82,1743
2025-11-03,2026-05-31,"S6-5 제슽권이 부러운 이유",120235208168030765,120235208168050765,1008886398030550,"ZERO STORE",2025-12-15,2025-12-22,120235208168080765,68,10,3.452179,61,1767
2025-11-03,2026-05-31,"S6-3 일반식 VS 살빠지는 식단",120235208168030765,120235208168060765,1008886398030550,"ZERO STORE",2025-12-15,2025-12-22,120235208168120765,68,16,2.828104,64,2263
2025-11-03,2026-05-31,"오늘도 “한 입만” 하다가 멈추지 못한 사람🙋‍♀️",120233204518120765,120233204518140765,1008886398030550,"ZERO STORE",2025-11-10,2025-11-17,120233204518130765,142,71,7.00409,137,1956
2025-11-03,2026-05-31,"이런 제로템, 왜 우리 동네엔 없냐고요? 🤔",120233204518120765,120233204703720765,1008886398030550,"ZERO STORE",2025-11-10,2025-11-17,120233204703690765,98,40,3.598485,95,2640
2025-11-03,2026-05-31,"요즘 셀럽들이 고르는 간식의 공통점?!",120233204518120765,120233204703730765,1008886398030550,"ZERO STORE",2025-11-10,2025-11-17,120233204703680765,58,23,3.384207,51,1507
2025-11-03,2026-05-31,"“오늘은 진짜 안 먹으려고 했는데…”",120233204518120765,120233204703740765,1008886398030550,"ZERO STORE",2025-11-10,2025-11-17,120233204703700765,47,15,4.120172,48,1165
2025-11-03,2026-05-31,"곧 겨울이니까… 괜찮겠지?",120233204518120765,120233204703750765,1008886398030550,"ZERO STORE",2025-11-10,2025-11-17,120233204703710765,34,16,3.916769,32,817
