"보고 시작","보고 종료","광고 이름","광고 ID","광고 세트 이름","광고 세트 ID","캠페인 이름","캠페인 ID","계정 ID","계정 이름","Instagram 프로필 방문","Instagram 팔로우",클릭(전체),CTR(전체),노출,시작,종료
2025-12-29,2026-06-29,"S20-3 여행 전 꼭 확인해야 할 체크리스트 5",120254804494370370,"S20-3 여행 전 꼭 확인해야 할 체크리스트 5",120254804494360370,"[디파트] 260526 - S20",120254804440660370,1622583648427159,캐치프로그,79,9,135,4.25599,3172,2026-05-26,2026-06-02
2025-12-29,2026-06-29,"S20-4 파리 간다고? 이건 꼭 하고오자",120254804501870370,"S20-4 파리 간다고? 이건 꼭 하고오자",120254804501860370,"[디파트] 260526 - S20",120254804440660370,1622583648427159,캐치프로그,250,4,274,4.506579,6080,2026-05-26,2026-06-02
2025-12-29,2026-06-29,"S20-6 해외여행 데이터, 이제 이렇게 쓰세요",120254804502790370,"S20-6 해외여행 데이터, 이제 이렇게 쓰세요",120254804502780370,"[디파트] 260526 - S20",120254804440660370,1622583648427159,캐치프로그,79,5,76,3.71275,2047,2026-05-26,2026-06-02
2025-12-29,2026-06-29,"S20-5 20대라면 꼭 가봐야 할 버킷리스트 여행지 5",120254804532930370,"S20-5 20대라면 꼭 가봐야 할 버킷리스트 여행지 5",120254804532940370,"[디파트] 260526 - S20",120254804440660370,1622583648427159,캐치프로그,160,8,164,3.636364,4510,2026-05-26,2026-06-02
2025-12-29,2026-06-29,"S21-2 상하이 도착 5분만에 카톡 되는 법",120255352512210370,"S21-2 상하이 도착 5분만에 카톡 되는 법",120255352512240370,"[디파트] 260601 - S21",120255352512180370,1622583648427159,캐치프로그,93,2,203,4.128534,4917,2026-06-01,2026-06-08
2025-12-29,2026-06-29,"S21-1 도쿄가는데 숙소 아직도 못 정했다면?",120255352804960370,"S21-1 도쿄가는데 숙소 아직도 못 정했다면?",120255352804950370,"[디파트] 260601 - S21",120255352512180370,1622583648427159,캐치프로그,133,4,144,2.895636,4973,2026-06-01,2026-06-08
2025-12-29,2026-06-29,"S21-4 요즘 여행 고수들은 홈화면만 봅니다",120255352815110370,"S21-4 요즘 여행 고수들은 홈화면만 봅니다",120255352815120370,"[디파트] 260601 - S21",120255352512180370,1622583648427159,캐치프로그,107,8,131,3.223425,4064,2026-06-01,2026-06-08
2025-12-29,2026-06-29,"S21-5 폼 미쳤다는 여행 어플 신기능;;",120255352826270370,"S21-5 폼 미쳤다는 여행 어플 신기능;;",120255352826260370,"[디파트] 260601 - S21",120255352512180370,1622583648427159,캐치프로그,85,24,88,4.07785,2158,2026-06-01,2026-06-08
2025-12-29,2026-06-29,"S21-3 같은 항공권, 언제 사냐에 따라 가격이 달라집니다",120255352836780370,"S21-3 같은 항공권, 언제 사냐에 따라 가격이 달라집니다",120255352836770370,"[디파트] 260601 - S21",120255352512180370,1622583648427159,캐치프로그,605,5,703,7.421092,9473,2026-06-01,2026-06-08
2025-12-29,2026-06-29,"S22-1 오사카 잼컨? 이건 꼭 하고오자!",120256047875100370,"S22-1 오사카 잼컨? 이건 꼭 하고오자!",120256047875150370,"[디파트] 260608 - S22",120256047875090370,1622583648427159,캐치프로그,265,6,320,5.117544,6253,2026-06-08,2026-06-15
2025-12-29,2026-06-29,"S22-4 직장인 패치 제대로 됐다는 여행앱",120256058261900370,"S22-4 직장인 패치 제대로 됐다는 여행앱",120256058261890370,"[디파트] 260608 - S22",120256047875090370,1622583648427159,캐치프로그,105,10,137,3.318798,4128,2026-06-08,2026-06-15
2025-12-29,2026-06-29,"S22-5 우정여행으로 딱인 해외여행지 5",120256058266390370,"S22-5 우정여행으로 딱인 해외여행지 5",120256058266400370,"[디파트] 260608 - S22",120256047875090370,1622583648427159,캐치프로그,250,9,300,4.823151,6220,2026-06-08,2026-06-15
2025-12-29,2026-06-29,"S22-2 혼자 가도 안전한 여행지 BEST 5",120256058286020370,"S22-2 혼자 가도 안전한 여행지 BEST 5",120256058285940370,"[디파트] 260608 - S22",120256047875090370,1622583648427159,캐치프로그,264,8,480,8.041548,5969,2026-06-08,2026-06-15
2025-12-29,2026-06-29,"S22-6 여행에 미친 사람이 정착한 단 하나의 여행앱",120256058289500370,"S22-6 여행에 미친 사람이 정착한 단 하나의 여행앱",120256058289510370,"[디파트] 260608 - S22",120256047875090370,1622583648427159,캐치프로그,200,48,216,7.280081,2967,2026-06-08,2026-06-15
2025-12-29,2026-06-29,"S22-3 2026 황금연휴 일정, 이렇게 써봐!",120256058292120370,"S22-3 2026 황금연휴 일정, 이렇게 써봐!",120256058292100370,"[디파트] 260608 - S22",120256047875090370,1622583648427159,캐치프로그,80,2,92,1.891059,4865,2026-06-08,2026-06-15
2025-12-29,2026-06-29,"S23-3 여름을 담은 일본 소도시 6",120256709234530370,"S23-3 여름을 담은 일본 소도시 6",120256709234600370,"[디파트] 260615 - S23",120256709234490370,1622583648427159,캐치프로그,196,21,366,8.361892,4377,2026-06-15,2026-06-22
2025-12-29,2026-06-29,"S23-1 유류할증료 내려갔다! 지금 봐야 할 여행지 6",120256709270740370,"S23-1 유류할증료 내려갔다! 지금 봐야 할 여행지 6",120256709270750370,"[디파트] 260615 - S23",120256709234490370,1622583648427159,캐치프로그,367,18,384,7.414559,5179,2026-06-15,2026-06-22
2025-12-29,2026-06-29,"S23-5 휴가철 항공권, 언제 떠나야 제일 쌀까?",120256709272160370,"S23-5 휴가철 항공권, 언제 떠나야 제일 쌀까?",120256709272150370,"[디파트] 260615 - S23",120256709234490370,1622583648427159,캐치프로그,214,4,250,4.366812,5725,2026-06-15,2026-06-22
2025-12-29,2026-06-29,"S23-2 해외여행 가기 전 꼭 필요한 어플 5",120256709272510370,"S23-2 해외여행 가기 전 꼭 필요한 어플 5",120256709272520370,"[디파트] 260615 - S23",120256709234490370,1622583648427159,캐치프로그,72,14,100,3.185728,3139,2026-06-15,2026-06-22
2025-12-29,2026-06-29,"S23-4 두바이 잼컨? 이건 꼭 하고오자!",120256709272800370,"S23-4 두바이 잼컨? 이건 꼭 하고오자!",120256709272790370,"[디파트] 260615 - S23",120256709234490370,1622583648427159,캐치프로그,121,6,140,2.607076,5370,2026-06-15,2026-06-22
2025-12-29,2026-06-29,"S24-1 친구랑 여행가서 안 싸우는 법? 여행 성향 테스트",120257392910860370,"S24-1 친구랑 여행가서 안 싸우는 법? 여행 성향 테스트",120257392910910370,"[디파트] 260622 - S24",120257392910840370,1622583648427159,캐치프로그,146,4,182,3.50202,5197,2026-06-22,2026-06-29
2025-12-29,2026-06-29,"S24-2 작고 귀여운 우리 예산에 딱.. 가성비 여행지 5",120257392983880370,"S24-2 작고 귀여운 우리 예산에 딱.. 가성비 여행지 5",120257392983870370,"[디파트] 260622 - S24",120257392910840370,1622583648427159,캐치프로그,688,4,820,7.586973,10808,2026-06-22,2026-06-29
2025-12-29,2026-06-29,"S24-4 나만의 여행지도 제일 쉽게 만드는 법?",120257392986110370,"S24-4 나만의 여행지도 제일 쉽게 만드는 법?",120257392986120370,"[디파트] 260622 - S24",120257392910840370,1622583648427159,캐치프로그,203,13,218,4.5294,4813,2026-06-22,2026-06-29
2025-12-29,2026-06-29,"S24-3 해외여행 앞둔 사람은 무조건 공감한다는 상황",120257392986850370,"S24-3 해외여행 앞둔 사람은 무조건 공감한다는 상황",120257392986860370,"[디파트] 260622 - S24",120257392910840370,1622583648427159,캐치프로그,277,1,316,3.993429,7913,2026-06-22,2026-06-29
2025-12-29,2026-06-29,"S24-5 현실에 지쳤나요? 낭만 가득 여행지 TOP 5",120257392988020370,"S24-5 현실에 지쳤나요? 낭만 가득 여행지 TOP 5",120257392988010370,"[디파트] 260622 - S24",120257392910840370,1622583648427159,캐치프로그,175,5,299,5.309892,5631,2026-06-22,2026-06-29
2025-12-29,2026-06-29,"S15-1 나트랑 잼컨? 여기서 다 예약 가능해",120252031299460370,"S15-1 나트랑 잼컨? 여기서 다 예약 가능해",120252031299470370,"[디파트] 260420 - S15",120252027172990370,1622583648427159,캐치프로그,193,7,213,3.892544,5472,2026-04-20,2026-04-27
2025-12-29,2026-06-29,"S16-1 항공권은 샀는데 eSIM은 또 언제 찾지?",120252494387400370,"S16-1 항공권은 샀는데 eSIM은 또 언제 찾지?",120252494387350370,"[디파트] 260427 - S16",120252494387330370,1622583648427159,캐치프로그,67,4,104,2.488634,4179,2026-04-27,2026-05-04
2025-12-29,2026-06-29,"S16-6 젊을 때 다녀오자! 청춘 여행지 5",120252494406900370,"S16-6 젊을 때 다녀오자! 청춘 여행지 5",120252494406910370,"[디파트] 260427 - S16",120252494387330370,1622583648427159,캐치프로그,380,14,450,5.829016,7720,2026-04-27,2026-05-04
2025-12-29,2026-06-29,"S16-4 바르셀로나가 처음이라면, 필수 투어 5곳",120252494409380370,"S16-4 바르셀로나가 처음이라면, 필수 투어 5곳",120252494409390370,"[디파트] 260427 - S16",120252494387330370,1622583648427159,캐치프로그,200,5,323,5.102686,6330,2026-04-27,2026-05-04
2025-12-29,2026-06-29,"S16-3 모르면 손해인 eSIM 최대 15% 할인받는 법!",120252494410050370,"S16-3 모르면 손해인 eSIM 최대 15% 할인받는 법!",120252494410060370,"[디파트] 260427 - S16",120252494387330370,1622583648427159,캐치프로그,103,4,115,2.695734,4266,2026-04-27,2026-05-04
2025-12-29,2026-06-29,"S16-5 잠깐! 아직도 여행 갈 때 로밍, 포켓 와이파이 쓰시나요?",120252494411310370,"S16-5 잠깐! 아직도 여행 갈 때 로밍, 포켓 와이파이 쓰시나요?",120252494411300370,"[디파트] 260427 - S16",120252494387330370,1622583648427159,캐치프로그,54,14,70,3.769521,1857,2026-04-27,2026-05-04
2025-12-29,2026-06-29,"S16-2 홍콩 잼컨? 우리 이건 꼭 하고 오자!",120252494412270370,"S16-2 홍콩 잼컨? 우리 이건 꼭 하고 오자!",120252494412260370,"[디파트] 260427 - S16",120252494387330370,1622583648427159,캐치프로그,272,4,312,4.689614,6653,2026-04-27,2026-05-04
2025-12-29,2026-06-29,"S17-2 계획 없어도 괜찮아, 그냥 떠나면 돼!",120253000953220370,"S17-2 계획 없어도 괜찮아, 그냥 떠나면 돼!",120253000953230370,"[디파트] 260504 - S17",120252995937360370,1622583648427159,캐치프로그,50,4,126,3.409091,3696,2026-05-04,2026-05-11
2025-12-29,2026-06-29,"S17-1 여행 자주 간다면 꼭 알아둬야되는 꿀팁!",120253000954330370,"S17-1 여행 자주 간다면 꼭 알아둬야되는 꿀팁!",120253000954320370,"[디파트] 260504 - S17",120252995937360370,1622583648427159,캐치프로그,41,4,144,3.786484,3803,2026-05-04,2026-05-11
2025-12-29,2026-06-29,"S17-5 길치인데 해외여행 가는 사람 손!",120253000955890370,"S17-5 길치인데 해외여행 가는 사람 손!",120253000955900370,"[디파트] 260504 - S17",120252995937360370,1622583648427159,캐치프로그,55,8,126,3.931357,3205,2026-05-04,2026-05-11
2025-12-29,2026-06-29,"S17-4 올 여름, 몽골에 꼭 가야하는 이유!",120253000957140370,"S17-4 올 여름, 몽골에 꼭 가야하는 이유!",120253000957130370,"[디파트] 260504 - S17",120252995937360370,1622583648427159,캐치프로그,83,2,263,4.409053,5965,2026-05-04,2026-05-11
2025-12-29,2026-06-29,"S17-3 eSIM 공짜로 사는 법? 이렇게 하면 됩니다!",120253000958240370,"S17-3 eSIM 공짜로 사는 법? 이렇게 하면 됩니다!",120253000958230370,"[디파트] 260504 - S17",120252995937360370,1622583648427159,캐치프로그,39,5,119,2.281004,5217,2026-05-04,2026-05-11
2025-12-29,2026-06-29,"S18-1 방콕 잼컨? 우리 이건 꼭 하고 오자!",120253549685000370,"S18-1 방콕 잼컨? 우리 이건 꼭 하고 오자!",120253549684940370,"[디파트] 260511 - S18",120253549684990370,1622583648427159,캐치프로그,132,3,192,3.386841,5669,2026-05-11,2026-05-18
2025-12-29,2026-06-29,"S18-6 같은 항공권, 절반 가격으로 사는 방법?",120253550071050370,"S18-6 같은 항공권, 절반 가격으로 사는 방법?",120253550071060370,"[디파트] 260511 - S18",120253549684990370,1622583648427159,캐치프로그,152,24,288,7.457276,3862,2026-05-11,2026-05-18
2025-12-29,2026-06-29,"S18-4 항공권 특가 놓치는 사람들의 공통점 3가지",120253550074430370,"S18-4 항공권 특가 놓치는 사람들의 공통점 3가지",120253550074420370,"[디파트] 260511 - S18",120253549684990370,1622583648427159,캐치프로그,71,6,99,2.745424,3606,2026-05-11,2026-05-18
2025-12-29,2026-06-29,"S18-5 물가 대비 만족도 미친 여행지 BEST 5",120253550077120370,"S18-5 물가 대비 만족도 미친 여행지 BEST 5",120253550077110370,"[디파트] 260511 - S18",120253549684990370,1622583648427159,캐치프로그,493,14,606,7.372263,8220,2026-05-11,2026-05-18
2025-12-29,2026-06-29,"S18-2 여름의 삿포로가 더 아름다운 이유",120253550080100370,"S18-2 여름의 삿포로가 더 아름다운 이유",120253550080110370,"[디파트] 260511 - S18",120253549684990370,1622583648427159,캐치프로그,60,2,167,4.395894,3799,2026-05-11,2026-05-18
2025-12-29,2026-06-29,"S18-3 대문자 P를 위한 최고의 여행 어플",120253550083310370,"S18-3 대문자 P를 위한 최고의 여행 어플",120253550083300370,"[디파트] 260511 - S18",120253549684990370,1622583648427159,캐치프로그,45,3,138,3.731747,3698,2026-05-11,2026-05-18
2025-12-29,2026-06-29,"S19-1 추석 연휴 해외여행, 지금 예약해야 하는 이유?",120254114085050370,"S19-1 추석 연휴 해외여행, 지금 예약해야 하는 이유?",120254114085090370,"[디파트] 260518 - S19",120254114085030370,1622583648427159,캐치프로그,36,5,98,2.653669,3693,2026-05-18,2026-05-25
2025-12-29,2026-06-29,"S19-5 같은 항공권, 절반 가격으로 사는 방법?",120254114393960370,"S19-5 같은 항공권, 절반 가격으로 사는 방법?",120254114393950370,"[디파트] 260518 - S19",120254114085030370,1622583648427159,캐치프로그,159,24,194,5.724402,3389,2026-05-18,2026-05-25
2025-12-29,2026-06-29,"S19-2 여름에 가기 좋은 여행지 TOP 5",120254114400580370,"S19-2 여름에 가기 좋은 여행지 TOP 5",120254114400570370,"[디파트] 260518 - S19",120254114085030370,1622583648427159,캐치프로그,254,13,309,5.585683,5532,2026-05-18,2026-05-25
2025-12-29,2026-06-29,"S19-3 좋은 여행 앱의 조건, 저희는 이렇게 생각합니다",120254114402580370,"S19-3 좋은 여행 앱의 조건, 저희는 이렇게 생각합니다",120254114402570370,"[디파트] 260518 - S19",120254114085030370,1622583648427159,캐치프로그,106,12,117,3.024819,3868,2026-05-18,2026-05-25
2025-12-29,2026-06-29,"S19-4 연차 쓰지 마세요! 주말로 충분한 여행지 5곳",120254114403370370,"S19-4 연차 쓰지 마세요! 주말로 충분한 여행지 5곳",120254114403380370,"[디파트] 260518 - S19",120254114085030370,1622583648427159,캐치프로그,158,23,202,5.446212,3709,2026-05-18,2026-05-25
2025-12-29,2026-06-29,"S20-1 여행 준비에 5분 이상 쓰고 있다면?",120254804440670370,"S20-1 여행 준비에 5분 이상 쓰고 있다면?",120254804440610370,"[디파트] 260526 - S20",120254804440660370,1622583648427159,캐치프로그,145,19,146,5.074731,2877,2026-05-26,2026-06-02
2025-12-29,2026-06-29,"S20-2 50만원으로 떠나는 동남아 여행지 4곳",120254804484750370,"S20-2 50만원으로 떠나는 동남아 여행지 4곳",120254804484740370,"[디파트] 260526 - S20",120254804440660370,1622583648427159,캐치프로그,210,21,384,7.541241,5092,2026-05-26,2026-06-02
2025-12-29,2026-06-29,"S11-5 푸꾸옥을 3월에 꼭 가야하는 이유",120250327674220370,"S11-5 푸꾸옥을 3월에 꼭 가야하는 이유",120250327674230370,"[디파트] 260323 - S11",120250327663850370,1622583648427159,캐치프로그,101,3,220,4.473363,4918,2026-03-23,2026-03-30
2025-12-29,2026-06-29,"S11-4 돈버는 여행앱에서 진짜로 돈버는 법",120250327674970370,"S11-4 돈버는 여행앱에서 진짜로 돈버는 법",120250327674990370,"[디파트] 260323 - S11",120250327663850370,1622583648427159,캐치프로그,133,6,150,4.294303,3493,2026-03-23,2026-03-30
2025-12-29,2026-06-29,"S12-4 친구랑 가면 좋은 로마 호텔 리스트",120250790200560370,"S12-4 친구랑 가면 좋은 로마 호텔 리스트",120250790200590370,"[디파트] 260330 - S12",120250790200540370,1622583648427159,캐치프로그,64,4,80,1.562805,5119,2026-03-30,2026-04-06
2025-12-29,2026-06-29,"S12-1 4월! 뚝 떨어진 최저가 항공권 모음.zip",120250790218630370,"S12-1 4월! 뚝 떨어진 최저가 항공권 모음.zip",120250790218620370,"[디파트] 260330 - S12",120250790200540370,1622583648427159,캐치프로그,570,22,594,7.519939,7899,2026-03-30,2026-04-06
2025-12-29,2026-06-29,"S12-2 평점 후기 좋은 오사카 TOP 호텔",120250790218830370,"S12-2 평점 후기 좋은 오사카 TOP 호텔",120250790218840370,"[디파트] 260330 - S12",120250790200540370,1622583648427159,캐치프로그,47,1,75,1.807229,4150,2026-03-30,2026-04-06
2025-12-29,2026-06-29,"S12-5 여행 전문가만 도전! 항공권 맞추기 퀴즈",120250790219320370,"S12-5 여행 전문가만 도전! 항공권 맞추기 퀴즈",120250790219310370,"[디파트] 260330 - S12",120250790200540370,1622583648427159,캐치프로그,166,5,185,2.893338,6394,2026-03-30,2026-04-06
2025-12-29,2026-06-29,"S12-6 싱가폴은 처음이라면? 싱가폴 여행 필독서",120250790222320370,"S12-6 싱가폴은 처음이라면? 싱가폴 여행 필독서",120250790222330370,"[디파트] 260330 - S12",120250790200540370,1622583648427159,캐치프로그,122,7,148,2.73214,5417,2026-03-30,2026-04-06
2025-12-29,2026-06-29,"S12-3 후쿠오카! 몇 월에 가야 제일 좋을까?",120250790223040370,"S12-3 후쿠오카! 몇 월에 가야 제일 좋을까?",120250790223030370,"[디파트] 260330 - S12",120250790200540370,1622583648427159,캐치프로그,158,2,276,5.162739,5346,2026-03-30,2026-04-06
2025-12-29,2026-06-29,"S12-7 조식이 가장 맛있는 베트남 호텔 리스트",120250790223120370,"S12-7 조식이 가장 맛있는 베트남 호텔 리스트",120250790223110370,"[디파트] 260330 - S12",120250790200540370,1622583648427159,캐치프로그,239,9,297,4.624728,6422,2026-03-30,2026-04-06
2025-12-29,2026-06-29,"S13-4 항공사 앱 4개 깔아도 특가 놓치는 이유?",120251224511570370,"S13-4 항공사 앱 4개 깔아도 특가 놓치는 이유?",120251224511560370,"[디파트] 260406 - S13",120251224479600370,1622583648427159,캐치프로그,256,40,269,5.13065,5243,2026-04-06,2026-04-13
2025-12-29,2026-06-29,"S13-2 여행휴가가 절실한 직장인들을 위해!",120251224513170370,"S13-2 여행휴가가 절실한 직장인들을 위해!",120251224513160370,"[디파트] 260406 - S13",120251224479600370,1622583648427159,캐치프로그,95,7,87,3.287982,2646,2026-04-06,2026-04-13
2025-12-29,2026-06-29,"S13-5 4월 떠나기 좋은 해외 여행지 TOP5",120251224513450370,"S13-5 4월 떠나기 좋은 해외 여행지 TOP5",120251224513440370,"[디파트] 260406 - S13",120251224479600370,1622583648427159,캐치프로그,310,6,378,4.530201,8344,2026-04-06,2026-04-13
2025-12-29,2026-06-29,"S13-3 상하이 잼컨? 여기서 다 예약 가능해",120251224515380370,"S13-3 상하이 잼컨? 여기서 다 예약 가능해",120251224515370370,"[디파트] 260406 - S13",120251224479600370,1622583648427159,캐치프로그,251,4,284,3.530143,8045,2026-04-06,2026-04-13
2025-12-29,2026-06-29,"S13-1 4월, 항공료 인상에 대비하는 방법?",120251224519430370,"S13-1 4월, 항공료 인상에 대비하는 방법?",120251224519420370,"[디파트] 260406 - S13",120251224479600370,1622583648427159,캐치프로그,74,2,81,1.338179,6053,2026-04-06,2026-04-13
2025-12-29,2026-06-29,"S14-7 남들보다 반값에 항공권 사는 법?",120251642686750370,"S14-7 남들보다 반값에 항공권 사는 법?",120251642686800370,"[디파트] 260413 - S14",120251642686710370,1622583648427159,캐치프로그,70,15,69,3.336557,2068,2026-04-13,2026-04-20
2025-12-29,2026-06-29,"S14-1 혹시 아직도 항공사앱 하나하나 비교하세요?",120251642702800370,"S14-1 혹시 아직도 항공사앱 하나하나 비교하세요?",120251642702790370,"[디파트] 260413 - S14",120251642686710370,1622583648427159,캐치프로그,154,14,164,4.822111,3401,2026-04-13,2026-04-20
2025-12-29,2026-06-29,"S14-2 싱가포르 잼컨? 여기서 다 예약 가능해",120251642703460370,"S14-2 싱가포르 잼컨? 여기서 다 예약 가능해",120251642703470370,"[디파트] 260413 - S14",120251642686710370,1622583648427159,캐치프로그,134,5,163,2.985348,5460,2026-04-13,2026-04-20
2025-12-29,2026-06-29,"S14-5 에펩탑뷰, 감성뷰! 전망 좋은 파리 호텔 리스트",120251642704500370,"S14-5 에펩탑뷰, 감성뷰! 전망 좋은 파리 호텔 리스트",120251642704490370,"[디파트] 260413 - S14",120251642686710370,1622583648427159,캐치프로그,92,7,105,2.556611,4107,2026-04-13,2026-04-20
2025-12-29,2026-06-29,"S14-4 금,토,일 2박 3일로 다녀오는 여행지!",120251642705250370,"S14-4 금,토,일 2박 3일로 다녀오는 여행지!",120251642705260370,"[디파트] 260413 - S14",120251642686710370,1622583648427159,캐치프로그,207,13,265,6.273674,4224,2026-04-13,2026-04-20
2025-12-29,2026-06-29,"S14-3 시드니! 몇 월에 가야 제일 좋을까?",120251642706460370,"S14-3 시드니! 몇 월에 가야 제일 좋을까?",120251642706450370,"[디파트] 260413 - S14",120251642686710370,1622583648427159,캐치프로그,211,4,289,5.328171,5424,2026-04-13,2026-04-20
2025-12-29,2026-06-29,"S14-6 5월 황금연휴, 제일 가고 싶은 여행지는?",120251642707260370,"S14-6 5월 황금연휴, 제일 가고 싶은 여행지는?",120251642707250370,"[디파트] 260413 - S14",120251642686710370,1622583648427159,캐치프로그,240,6,271,4.375202,6194,2026-04-13,2026-04-20
2025-12-29,2026-06-29,"S15-3 여행 고수들만 쓰는 항공권 검색 꿀팁 3가지?",120252031295590370,"S15-3 여행 고수들만 쓰는 항공권 검색 꿀팁 3가지?",120252031295600370,"[디파트] 260420 - S15",120252027172990370,1622583648427159,캐치프로그,134,11,442,7.391304,5980,2026-04-20,2026-04-27
2025-12-29,2026-06-29,"S15-5 도쿄 vs 오사카 어디가 더 좋을까?",120252031296570370,"S15-5 도쿄 vs 오사카 어디가 더 좋을까?",120252031296560370,"[디파트] 260420 - S15",120252027172990370,1622583648427159,캐치프로그,80,19,90,4.050405,2222,2026-04-20,2026-04-27
2025-12-29,2026-06-29,"S15-4 비행시간 5시간 이내, 만족도 높은 여행지 5",120252031297600370,"S15-4 비행시간 5시간 이내, 만족도 높은 여행지 5",120252031297610370,"[디파트] 260420 - S15",120252027172990370,1622583648427159,캐치프로그,269,13,363,6.678933,5435,2026-04-20,2026-04-27
2025-12-29,2026-06-29,"S15-2 세부를 4월에 꼭 가야하는 이유",120252031298910370,"S15-2 세부를 4월에 꼭 가야하는 이유",120252031298900370,"[디파트] 260420 - S15",120252027172990370,1622583648427159,캐치프로그,94,5,170,3.690037,4607,2026-04-20,2026-04-27
2025-12-29,2026-06-29,"S7-1 10만 다운로드를 기념하여 응원 댓글을 남겨주세요",120248839192450370,"S7-1 10만 다운로드를 기념하여 응원 댓글을 남겨주세요",120248839192530370,"[디파트] 260223 - S7(설날)",120248839192520370,1622583648427159,캐치프로그,82,4,92,2.149533,4280,2026-02-23,2026-03-02
2025-12-29,2026-06-29,"S7-4 벌써 소문나기 시작한 화제의 그 앱!",120248839192470370,"S7-4 벌써 소문나기 시작한 화제의 그 앱!",120248839192460370,"[디파트] 260223 - S7(설날)",120248839192520370,1622583648427159,캐치프로그,180,10,174,3.789199,4592,2026-02-23,2026-03-02
2025-12-29,2026-06-29,"S7-5 지금부터 제가 제일 싸고 빠르게 항공권 예약하는 법을 알려드리겠습니다.",120248839192490370,"S7-5 지금부터 제가 제일 싸고 빠르게 항공권 예약하는 법을 알려드리겠습니다.",120248839192480370,"[디파트] 260223 - S7(설날)",120248839192520370,1622583648427159,캐치프로그,946,186,1132,6.168265,18352,2026-02-23,2026-03-30
2025-12-29,2026-06-29,"S7-2 왜 여행은 돈을 쓰기만 해야 할까요?",120248839192500370,"S7-2 왜 여행은 돈을 쓰기만 해야 할까요?",120248839192540370,"[디파트] 260223 - S7(설날)",120248839192520370,1622583648427159,캐치프로그,73,9,91,2.426667,3750,2026-02-23,2026-03-02
2025-12-29,2026-06-29,"S7-3 아직도 휴가 날짜 정하느라 고민하세요?",120248839192510370,"S7-3 아직도 휴가 날짜 정하느라 고민하세요?",120248839192550370,"[디파트] 260223 - S7(설날)",120248839192520370,1622583648427159,캐치프로그,23,4,56,1.822323,3073,2026-02-23,2026-03-02
2025-12-29,2026-06-29,"S8-4 가장 조식 맛있는 호텔 리스트 #일본편",120249291614680370,"S8-4 가장 조식 맛있는 호텔 리스트 #일본편",120249291614690370,"[디파트] 260303 - S8",120249291596430370,1622583648427159,캐치프로그,88,10,242,5.896686,4104,2026-03-03,2026-03-10
2025-12-29,2026-06-29,"S9-1 이제 pc에서도 가능합니다",120249610940580370,"S9-1 이제 pc에서도 가능합니다",120249610940620370,"[디파트] 260309 - S9",120249610940640370,1622583648427159,캐치프로그,75,1,68,2.376791,2861,2026-03-09,2026-03-16
2025-12-29,2026-06-29,"S9-5 가장 조식 맛있는 호텔 리스트 #괌 편",120249610981360370,"S9-5 가장 조식 맛있는 호텔 리스트 #괌 편",120249610981350370,"[디파트] 260309 - S9",120249610940640370,1622583648427159,캐치프로그,179,1,232,4.284395,5415,2026-03-09,2026-03-16
2025-12-29,2026-06-29,"S9-3 가장 깨끗한 호텔 리스트 #중국편",120249610981560370,"S9-3 가장 깨끗한 호텔 리스트 #중국편",120249610981550370,"[디파트] 260309 - S9",120249610940640370,1622583648427159,캐치프로그,116,11,152,3.402731,4467,2026-03-09,2026-03-16
2025-12-29,2026-06-29,"S9-4 상하이는 처음이라면? 상하이 여행 필독서",120249610981780370,"S9-4 상하이는 처음이라면? 상하이 여행 필독서",120249610981770370,"[디파트] 260309 - S9",120249610940640370,1622583648427159,캐치프로그,211,5,259,4.568707,5669,2026-03-09,2026-03-16
2025-12-29,2026-06-29,"S9-7 파리는 처음이라면? 파리여행 필독서",120249610982280370,"S9-7 파리는 처음이라면? 파리여행 필독서",120249610982290370,"[디파트] 260309 - S9",120249610940640370,1622583648427159,캐치프로그,102,5,178,4.512041,3945,2026-03-09,2026-03-16
2025-12-29,2026-06-29,"S9-8 치앙마이 조식 맛집 호텔 TOP 3",120249610982820370,"S9-8 치앙마이 조식 맛집 호텔 TOP 3",120249610982810370,"[디파트] 260309 - S9",120249610940640370,1622583648427159,캐치프로그,36,1,89,2.205154,4036,2026-03-09,2026-03-16
2025-12-29,2026-06-29,"S9-6 한국인이 가장 많이 놀러간 여행지는?",120249610983270370,"S9-6 한국인이 가장 많이 놀러간 여행지는?",120249610983260370,"[디파트] 260309 - S9",120249610940640370,1622583648427159,캐치프로그,18,1,226,5.923984,3815,2026-03-09,2026-03-16
2025-12-29,2026-06-29,"S9-2 필리핀 세부! 언제 가는게 제일 좋을까?",120249610983620370,"S9-2 필리핀 세부! 언제 가는게 제일 좋을까?",120249610983630370,"[디파트] 260309 - S9",120249610940640370,1622583648427159,캐치프로그,208,5,414,6.067712,6823,2026-03-09,2026-03-16
2025-12-29,2026-06-29,"S10-1 뉴욕 여행! 몇 월에 가야 제일 좋을까?",120250019056880370,"S10-1 뉴욕 여행! 몇 월에 가야 제일 좋을까?",120250019056800370,"[디파트] 260316 - S10",120250019056870370,1622583648427159,캐치프로그,321,8,364,5.28916,6882,2026-03-16,2026-03-23
2025-12-29,2026-06-29,"S10-2 비싼 런던 여행을 위한 가성비 호텔 TOP 5",120250019074660370,"S10-2 비싼 런던 여행을 위한 가성비 호텔 TOP 5",120250019074650370,"[디파트] 260316 - S10",120250019056870370,1622583648427159,캐치프로그,45,3,78,1.74146,4479,2026-03-16,2026-03-23
2025-12-29,2026-06-29,"S10-7 홍콩 여행! 지금 가도 괜찮을까?",120250019076290370,"S10-7 홍콩 여행! 지금 가도 괜찮을까?",120250019076280370,"[디파트] 260316 - S10",120250019056870370,1622583648427159,캐치프로그,297,1,346,4.730007,7315,2026-03-16,2026-03-23
2025-12-29,2026-06-29,"S10-6 가장 시설 좋은 코타키나발루 호텔은?",120250019077140370,"S10-6 가장 시설 좋은 코타키나발루 호텔은?",120250019077150370,"[디파트] 260316 - S10",120250019056870370,1622583648427159,캐치프로그,24,4,71,1.884789,3767,2026-03-16,2026-03-23
2025-12-29,2026-06-29,"S10-5 통장은 비었지만 휴가가 필요한 직장인들을 위해!",120250019077570370,"S10-5 통장은 비었지만 휴가가 필요한 직장인들을 위해!",120250019077560370,"[디파트] 260316 - S10",120250019056870370,1622583648427159,캐치프로그,106,22,109,4.54356,2399,2026-03-16,2026-03-23
2025-12-29,2026-06-29,"S10-3 현금 포인트 돌려주는 여행앱이 있다?",120250019078520370,"S10-3 현금 포인트 돌려주는 여행앱이 있다?",120250019078510370,"[디파트] 260316 - S10",120250019056870370,1622583648427159,캐치프로그,22,1,51,1.111111,4590,2026-03-16,2026-03-23
2025-12-29,2026-06-29,"S10-4 3월! 가격 뚝떨어진 항공권 가져옴",120250019079850370,"S10-4 3월! 가격 뚝떨어진 항공권 가져옴",120250019079840370,"[디파트] 260316 - S10",120250019056870370,1622583648427159,캐치프로그,52,11,53,2.342024,2263,2026-03-16,2026-03-23
2025-12-29,2026-06-29,"S11-2 절대 놓치지 말아야할 3월 최저가 항공권",120250327673640370,"S11-2 절대 놓치지 말아야할 3월 최저가 항공권",120250327673650370,"[디파트] 260323 - S11",120250327663850370,1622583648427159,캐치프로그,263,12,272,5.215724,5215,2026-03-23,2026-03-30
2025-12-29,2026-06-29,"S11-3 타이베이! 몇 월에 가야 제일 좋을까?",120250327673790370,"S11-3 타이베이! 몇 월에 가야 제일 좋을까?",120250327673780370,"[디파트] 260323 - S11",120250327663850370,1622583648427159,캐치프로그,209,6,238,3.907404,6091,2026-03-23,2026-03-30
2025-12-29,2026-06-29,"S11-1 가족이랑 가면 좋은 필리핀 호텔 리스트",120250327673960370,"S11-1 가족이랑 가면 좋은 필리핀 호텔 리스트",120250327673970370,"[디파트] 260323 - S11",120250327663850370,1622583648427159,캐치프로그,121,8,146,2.850449,5122,2026-03-23,2026-03-30
2025-12-29,2026-06-29,"S11-6 항공권 맞추기 퀴즈가 있다고?",120250327674010370,"S11-6 항공권 맞추기 퀴즈가 있다고?",120250327674170370,"[디파트] 260323 - S11",120250327663850370,1622583648427159,캐치프로그,79,7,77,2.293715,3357,2026-03-23,2026-03-30
2025-12-29,2026-06-29,"S2-2 여행에서 청결이 제일 중요한 사람이라면?",120246934113430370,"S2-2 여행에서 청결이 제일 중요한 사람이라면?",120246934113520370,"[디파트] 260112 - S2",120246934113490370,1622583648427159,캐치프로그,48,3,68,2.166295,3139,2026-01-12,2026-01-19
2025-12-29,2026-06-29,"S2-1 여행 핵고수들은 이렇게 준비합니다",120246934113440370,"S2-1 여행 핵고수들은 이렇게 준비합니다",120246934113510370,"[디파트] 260112 - S2",120246934113490370,1622583648427159,캐치프로그,142,8,141,3.096179,4554,2026-01-12,2026-01-19
2025-12-29,2026-06-29,"S2-5 호텔 볼 때, 조식이 제일 중요한 사람이라면?",120246934113450370,"S2-5 호텔 볼 때, 조식이 제일 중요한 사람이라면?",120246934113480370,"[디파트] 260112 - S2",120246934113490370,1622583648427159,캐치프로그,47,2,99,3.124014,3169,2026-01-12,2026-01-19
2025-12-29,2026-06-29,"S2-3 호텔 예약하고 받은 포인트! 어떻게 쓰나요?",120246934113460370,"S2-3 호텔 예약하고 받은 포인트! 어떻게 쓰나요?",120246934113420370,"[디파트] 260112 - S2",120246934113490370,1622583648427159,캐치프로그,75,1,74,1.863041,3972,2026-01-12,2026-01-19
2025-12-29,2026-06-29,"S2-4 호텔 볼 때, 뷰가 제일 중요한 사람이라면?",120246934113500370,"S2-4 호텔 볼 때, 뷰가 제일 중요한 사람이라면?",120246934113470370,"[디파트] 260112 - S2",120246934113490370,1622583648427159,캐치프로그,27,0,77,3.077538,2502,2026-01-12,2026-01-19
2025-12-29,2026-06-29,"S2-6 1월 첫째주! 가격 뚝떨어진 항공권 가져옴",120246934205590370,"S2-6 1월 첫째주! 가격 뚝떨어진 항공권 가져옴",120246934205580370,"[디파트] 260112 - S2",120246934113490370,1622583648427159,캐치프로그,81,17,78,4.109589,1898,2026-01-12,2026-01-19
2025-12-29,2026-06-29,"S3-1 가족 여행에 딱맞는 호텔을 찾는 사람이라면?",120247228615770370,"S3-1 가족 여행에 딱맞는 호텔을 찾는 사람이라면?",120247228615840370,"[디파트] 260119 - S3",120247228615800370,1622583648427159,캐치프로그,35,1,69,1.839019,3752,2026-01-19,2026-01-26
2025-12-29,2026-06-29,"S3-2 여행에서 위치가 제일 중요한 사람이라면?",120247228615830370,"S3-2 여행에서 위치가 제일 중요한 사람이라면?",120247228615760370,"[디파트] 260119 - S3",120247228615800370,1622583648427159,캐치프로그,43,5,111,3.074792,3610,2026-01-19,2026-01-26
2025-12-29,2026-06-29,"S3-3 호텔 볼 때, 가성비가 제일 중요한 사람이라면?",120247228628100370,"S3-3 호텔 볼 때, 가성비가 제일 중요한 사람이라면?",120247228628110370,"[디파트] 260119 - S3",120247228615800370,1622583648427159,캐치프로그,27,1,79,2.448853,3226,2026-01-19,2026-01-26
2025-12-29,2026-06-29,"S3-4 우정 여행에 딱맞는 호텔을 찾는 사람이라면?",120247228637640370,"S3-4 우정 여행에 딱맞는 호텔을 찾는 사람이라면?",120247228637630370,"[디파트] 260119 - S3",120247228615800370,1622583648427159,캐치프로그,36,0,61,1.536137,3971,2026-01-19,2026-01-26
2025-12-29,2026-06-29,"S3-5 대문자 P도 J 만드는 여행 필수템",120247228641750370,"S3-5 대문자 P도 J 만드는 여행 필수템",120247228641740370,"[디파트] 260119 - S3",120247228615800370,1622583648427159,캐치프로그,108,6,112,2.93501,3816,2026-01-19,2026-01-26
2025-12-29,2026-06-29,"S3-6 뚝떨항! 이제 전국 6개 공항에서 이용가능하다고?",120247228647610370,"S3-6 뚝떨항! 이제 전국 6개 공항에서 이용가능하다고?",120247228647620370,"[디파트] 260119 - S3",120247228615800370,1622583648427159,캐치프로그,234,35,236,6.725563,3509,2026-01-19,2026-01-26
2025-12-29,2026-06-29,"S4-1 호텔 볼 때, 직원응대가 제일 중요한 사람이라면?",120247545381900370,"S4-1 호텔 볼 때, 직원응대가 제일 중요한 사람이라면?",120247545381920370,"[디파트] 260126 - S4",120247545381880370,1622583648427159,캐치프로그,96,6,107,2.514098,4256,2026-01-26,2026-02-02
2025-12-29,2026-06-29,"S5-1 여행갈 때 eSim 안해가는 사람 없지?",120247851524730370,"S5-1 여행갈 때 eSim 안해가는 사람 없지?",120247851524740370,"[디파트] 260202 - S5",120247851524750370,1622583648427159,캐치프로그,59,15,61,3.225806,1891,2026-02-02,2026-02-09
2025-12-29,2026-06-29,"S5-2 여행에서 교통이 제일 중요한 사람이라면?",120247851540700370,"S5-2 여행에서 교통이 제일 중요한 사람이라면?",120247851540690370,"[디파트] 260202 - S5",120247851524750370,1622583648427159,캐치프로그,66,3,81,2.610377,3103,2026-02-02,2026-02-09
2025-12-29,2026-06-29,"S5-3 9일 쉬는 설 연휴! 어디로 여행가면 좋을까?",120247851544450370,"S5-3 9일 쉬는 설 연휴! 어디로 여행가면 좋을까?",120247851544440370,"[디파트] 260202 - S5",120247851524750370,1622583648427159,캐치프로그,98,3,125,3.627394,3446,2026-02-02,2026-02-09
2025-12-29,2026-06-29,"S5-4 나만 아는 항공권 여행 꿀팁 소개",120247851553980370,"S5-4 나만 아는 항공권 여행 꿀팁 소개",120247851553990370,"[디파트] 260202 - S5",120247851524750370,1622583648427159,캐치프로그,242,20,238,7.056033,3373,2026-02-02,2026-02-09
2025-12-29,2026-06-29,"S6-5 나만 아직 몰랐던 돈버는 여행법! 어떻게 하나요?",120248177619630370,"S6-5 나만 아직 몰랐던 돈버는 여행법! 어떻게 하나요?",120248177619610370,"[디파트] 260209 - S6",120248177619590370,1622583648427159,캐치프로그,69,2,85,2.643857,3215,2026-02-09,2026-02-16
2025-12-29,2026-06-29,"S6-3 지친 평일 보내고 주말에 여행가고 싶은데…",120248177651040370,"S6-3 지친 평일 보내고 주말에 여행가고 싶은데…",120248177651050370,"[디파트] 260209 - S6",120248177619590370,1622583648427159,캐치프로그,181,55,172,5.687831,3024,2026-02-09,2026-02-16
2025-12-29,2026-06-29,"S6-2 무조건 아고다에서 예약하는 사람이라면?",120248177651450370,"S6-2 무조건 아고다에서 예약하는 사람이라면?",120248177651440370,"[디파트] 260209 - S6",120248177619590370,1622583648427159,캐치프로그,141,9,150,3.726708,4025,2026-02-09,2026-02-16
2025-12-29,2026-06-29,"S6-1 연차도 휴무도 없을 때! 주말 여행지 추천",120248177652870370,"S6-1 연차도 휴무도 없을 때! 주말 여행지 추천",120248177652860370,"[디파트] 260209 - S6",120248177619590370,1622583648427159,캐치프로그,90,12,115,4.234168,2716,2026-02-09,2026-02-16
2025-12-29,2026-06-29,"S6-4 무조건 트립닷컴에서 예약하는 사람이라면?",120248177653170370,"S6-4 무조건 트립닷컴에서 예약하는 사람이라면?",120248177653160370,"[디파트] 260209 - S6",120248177619590370,1622583648427159,캐치프로그,143,11,146,4.269006,3420,2026-02-09,2026-02-16
2025-12-29,2026-06-29,"S8-1 도쿄! 언제 가는게 제일 좋을까?",120249291596470370,"S8-1 도쿄! 언제 가는게 제일 좋을까?",120249291596420370,"[디파트] 260303 - S8",120249291596430370,1622583648427159,캐치프로그,191,3,250,4.776462,5234,2026-03-03,2026-03-10
2025-12-29,2026-06-29,"S8-3 나트랑! 언제 가는게 제일 좋을까?",120249291613120370,"S8-3 나트랑! 언제 가는게 제일 좋을까?",120249291613130370,"[디파트] 260303 - S8",120249291596430370,1622583648427159,캐치프로그,173,3,302,5.980198,5050,2026-03-03,2026-03-10
2025-12-29,2026-06-29,"S8-2 갑자기 떠나고 싶을때 바로 여행가는 법",120249291614300370,"S8-2 갑자기 떠나고 싶을때 바로 여행가는 법",120249291614310370,"[디파트] 260303 - S8",120249291596430370,1622583648427159,캐치프로그,47,3,86,1.879371,4576,2026-03-03,2026-03-10
2025-12-29,2026-06-29,"S1-1 호텔 후기! 언제까지 다 읽어보고 계실 건가요?",120246587475910370,"S1-1 호텔 후기! 언제까지 다 읽어보고 계실 건가요?",120246587475900370,"[디파트] 260105 - S1",120246587475890370,1622583648427159,캐치프로그,103,2,125,3.493572,3578,2026-01-05,2026-01-12
2025-12-29,2026-06-29,"S1-2 뚝 떨어지는 최저가 항공권 캐치하는 법!",120246587985570370,"S1-2 뚝 떨어지는 최저가 항공권 캐치하는 법!",120246587985580370,"[디파트] 260105 - S1",120246587475890370,1622583648427159,캐치프로그,171,16,195,4.412763,4419,2026-01-05,2026-01-12
2025-12-29,2026-06-29,"S1-3 누가 만들어주면 좋겠다 했던 어플 등장",120246587994740370,"S1-3 누가 만들어주면 좋겠다 했던 어플 등장",120246587994730370,"[디파트] 260105 - S1",120246587475890370,1622583648427159,캐치프로그,67,9,66,3.248032,2032,2026-01-05,2026-01-12
2025-12-29,2026-06-29,"S1-4 여행 찐고수들만 아는 돈버는 여행 법",120246587998590370,"S1-4 여행 찐고수들만 아는 돈버는 여행 법",120246587998600370,"[디파트] 260105 - S1",120246587475890370,1622583648427159,캐치프로그,78,4,107,2.934723,3646,2026-01-05,2026-01-12
2025-12-29,2026-06-29,"S1-5 행운의 캐치드로우! 여행 포인트가 뭐예요?",120246588001230370,"S1-5 행운의 캐치드로우! 여행 포인트가 뭐예요?",120246588001220370,"[디파트] 260105 - S1",120246587475890370,1622583648427159,캐치프로그,82,3,79,2.378802,3321,2026-01-05,2026-01-12
